phrase;rel_page;2018-11-17;2018-11-18;2018-11-19;2018-11-20;2018-11-21;2018-11-22
аджика купить;-;101;101;101;99;101;101
азерчай;http://frutoss.ru/shop/tea/;13;13;13;13;13;10
азерчай где купить в спб;http://frutoss.ru/shop/tea/;4;4;4;4;4;4
азерчай зеленый;http://frutoss.ru/shop/tea/azerchay-zelyonyy-klassicheskiy-25-paket;19;16;20;16;17;18
азерчай купить;http://frutoss.ru/shop/tea/;4;4;4;4;4;4
азерчай купить в санкт петербурге;http://frutoss.ru/shop/tea/;2;2;2;2;2;2
азерчай купить в спб;http://frutoss.ru/shop/tea/;1;1;1;1;3;3
азерчай купить в спб в магазине;http://frutoss.ru/shop/tea/;4;4;3;3;4;4
азерчай цена;http://frutoss.ru/shop/tea/;7;6;6;6;6;6
амарантовое масло купить;http://frutoss.ru/shop/masla/maslo-amarantovoe;74;75;75;75;76;73
амарантовое масло купить в спб;http://frutoss.ru/shop/masla/maslo-amarantovoe;27;28;26;26;26;26
амарантовое масло спб;http://frutoss.ru/shop/masla/maslo-amarantovoe;76;76;77;75;75;93
амарантовое масло цена;http://frutoss.ru/shop/masla/maslo-amarantovoe;89;88;88;87;91;91
ананас сушеный купить;http://frutoss.ru/shop/cukaty/ananas/;23;23;23;24;27;27
ананас цена;http://frutoss.ru/shop/cukaty/ananas/;13;11;13;14;15;15
ананасы купить в спб;http://frutoss.ru/shop/cukaty/ananas/;13;13;13;12;11;8
анис купить;http://frutoss.ru/shop/semena-bobovye/anis/;6;9;7;8;7;7
анис купить в санкт петербурге;http://frutoss.ru/shop/semena-bobovye/anis/;1;3;3;2;3;3
анис купить в спб;http://frutoss.ru/shop/semena-bobovye/anis/;6;6;6;5;6;6
арахис в сахаре купить в спб;http://frutoss.ru/shop/orehi/arahis/;7;7;8;5;7;7
арахис в скорлупе купить;http://frutoss.ru/shop/orehi/arahis/;21;18;18;16;16;15
арахис дробленый;http://frutoss.ru/shop/orehi/arahis/drob-arahis/;4;4;4;4;2;4
арахис жареный дробленый 2 4;http://frutoss.ru/shop/orehi/arahis-zharenyy-droblenyy-2-4-mm;2;3;2;2;2;2
арахис жареный купить;http://frutoss.ru/shop/orehi/arahis/;19;20;19;11;23;21
арахис жареный очищенный купить;http://frutoss.ru/shop/orehi/arahis/;6;6;6;7;7;7
арахис купить;http://frutoss.ru/shop/orehi/arahis/;4;4;5;4;5;5
арахис оптом;http://frutoss.ru/shop/orehi/arahis/;27;26;21;27;27;26
арахис оптом купить;http://frutoss.ru/shop/orehi/arahis/;21;13;21;16;22;22
арахис сырой купить;http://frutoss.ru/shop/orehi/arahis/;7;7;6;6;7;6
арахис цена;http://frutoss.ru/shop/orehi/arahis/;8;8;6;6;7;7
арахисовое масло где купить в спб;http://frutoss.ru/shop/masla/;36;38;35;35;38;37
арахисовое масло купить;http://frutoss.ru/shop/masla/maslo-arashisa;44;39;40;45;44;44
арахисовое масло купить спб;http://frutoss.ru/shop/masla/;51;51;47;42;44;73
арбузное масло купить;http://frutoss.ru/shop/masla/maslo-arbuznoe;19;19;22;19;21;18
бадьян где купить;http://frutoss.ru/shop/specii/badyan;16;15;15;15;13;13
бадьян купить;http://frutoss.ru/shop/specii/badyan;13;14;13;15;13;14
бадьян купить в спб;http://frutoss.ru/shop/specii/badyan;6;5;6;5;6;6
баклажаны сушеные купить в спб;http://frutoss.ru/shop/semena-bobovye/vegetables/baklazhan/;12;7;10;9;8;8
банановые чипсы купить;http://frutoss.ru/shop/cukaty/bananovie-chipsy/;12;12;10;11;11;12
белая фасоль купить;http://frutoss.ru/shop/semena-bobovye/fasol/;13;18;7;23;9;20
белые семечки подсолнечника купить;http://frutoss.ru/shop/sladosti/semechka-podsolnechnika-v-iogurte;63;43;60;50;44;44
бобы купить в спб;http://frutoss.ru/shop/semena-bobovye/soy/;39;39;39;38;48;47
боярышник оптом;http://frutoss.ru/shop/suhofrukty/boyaryshnik;52;48;46;47;84;84
бразильский орех купить;http://frutoss.ru/shop/orehi/brazilskij-oreh/;16;16;16;15;17;18
бразильский орех купить в спб;http://frutoss.ru/shop/orehi/brazilskij-oreh/;11;8;11;12;12;12
бразильский орех цена;http://frutoss.ru/shop/orehi/brazilskij-oreh/;22;22;21;21;23;22
бразильский орех цена за 1 кг;http://frutoss.ru/shop/orehi/brazilskij-oreh/;4;7;9;8;7;7
виноградное масло купить;-;101;101;101;101;101;101
виноградное масло цена;-;101;101;101;101;101;101
виноградные листья купить;-;33;32;32;32;101;101
виноградные листья купить в спб;-;18;18;21;22;101;101
вишня вяленая купить;http://frutoss.ru/shop/cukaty/vishnja-vjalenaja/;6;6;6;6;7;7
восточные сладости и сухофрукты;http://frutoss.ru/;3;4;2;1;3;1
восточные сладости интернет магазин;http://frutoss.ru/shop/sladosti;7;6;6;7;6;6
восточные сладости купить;http://frutoss.ru/shop/sladosti;13;13;13;14;15;14
восточные сладости купить в санкт петербурге;http://frutoss.ru/shop/sladosti;25;26;26;26;68;68
восточные сладости купить в спб;http://frutoss.ru/shop/sladosti;19;20;20;19;22;25
восточные сладости купить оптом;http://frutoss.ru/shop/sladosti/?page=2;7;7;8;9;10;5
восточные сладости купить спб;http://frutoss.ru/shop/sladosti;24;24;25;25;27;26
восточные сладости магазин в санкт петербурге;http://frutoss.ru/shop/sladosti;47;47;48;49;73;73
восточные сладости опт;http://frutoss.ru/shop/sladosti;12;26;29;26;88;88
восточные сладости оптом;http://frutoss.ru/shop/sladosti;14;15;15;13;10;14
восточные сладости оптом от производителя;http://frutoss.ru/shop/sladosti;20;17;19;21;18;12
восточные сладости оптом спб;http://frutoss.ru/shop/sladosti;9;9;9;9;9;9
восточные сладости петербург;-;76;87;77;79;101;101
восточные сладости с доставкой;http://frutoss.ru/shop/sladosti;10;11;11;11;10;10
восточные сладости санкт петербург;-;72;72;71;47;101;101
восточные сладости спб;http://frutoss.ru/shop/sladosti;42;42;42;42;65;65
восточные сладости спб купить;http://frutoss.ru/shop/sladosti;20;20;21;21;24;27
восточные сладости спб магазины;http://frutoss.ru/shop/sladosti;44;43;43;42;44;46
восточные специи;-;101;101;101;101;101;101
восточные специи магазин;http://frutoss.ru/shop/specii;22;21;21;23;70;70
вяленая груша купить;http://frutoss.ru/shop/cukaty/grusha-vjalenaja/;7;7;7;7;8;13
вяленая клубника купить;http://frutoss.ru/shop/cukaty/klubnika-vjalenaja/;8;8;9;8;6;9
вяленая клюква купить;http://frutoss.ru/shop/cukaty/kljukva-vjalenaja/;8;8;9;9;9;6
вяленое манго купить;http://frutoss.ru/shop/cukaty/mango/;6;13;13;13;15;14
вяленые фрукты купить;http://frutoss.ru/shop/suhofrukty/sushenye-plody-fruktov/;6;6;6;2;7;7
вяленые фрукты оптом;http://frutoss.ru/shop/suhofrukty/;9;10;10;12;7;10
вяленые яблоки кольца;http://frutoss.ru/shop/cukaty/yabloko-kolco-vyalenoe;13;13;12;14;21;22
вяленые яблоки купить;http://frutoss.ru/shop/cukaty/jabloko/;39;55;55;58;50;41
вяленый кизил без косточки купить в спб;http://frutoss.ru/shop/cukaty/kizil/;7;7;8;7;8;7
вяленый кумкват купить;http://frutoss.ru/shop/cukaty/kumkvaty/;4;4;3;4;4;4
вяленый персик купить;http://frutoss.ru/shop/cukaty/vyalenyi-persik/;14;7;7;7;8;7
гвоздика молотая купить в спб;http://frutoss.ru/shop/specii/gvozdika-molotaya;21;20;21;20;22;22
где купить азерчай;http://frutoss.ru/shop/tea/;8;7;7;7;7;7
где купить азерчай в спб;http://frutoss.ru/shop/tea/;4;3;4;3;3;3
где купить амарантовое масло;http://frutoss.ru/shop/masla/maslo-amarantovoe;26;28;25;26;24;25
где купить анис;http://frutoss.ru/shop/specii/anis-plody;23;24;22;21;24;21
где купить арахисовое масло;http://frutoss.ru/shop/masla/maslo-arashisa;85;85;85;85;44;46
где купить в санкт петербурге восточные сладости;http://frutoss.ru/shop/sladosti;29;35;29;29;28;35
где купить виноградные листья для долмы;-;26;27;29;27;101;101
где купить желатин;http://frutoss.ru/shop/specii/zhelatin;12;15;16;13;14;14
где купить изюм;http://frutoss.ru/shop/suhofrukty/izjum/;4;4;4;4;4;4
где купить инжир;http://frutoss.ru/shop/suhofrukty/injir/;50;45;44;45;49;49
где купить кардамон в спб;http://frutoss.ru/shop/specii/kardamon-celyy;93;93;93;93;95;96
где купить кокосовую стружку в спб;-;101;101;101;101;101;101
где купить конопляное масло;-;101;101;101;101;101;101
где купить конопляное масло в спб;-;101;101;101;101;101;101
где купить кунжут в спб;http://frutoss.ru/shop/semena-bobovye/kunzhut/;6;6;6;6;6;6
где купить кунжутное масло в спб;-;101;101;101;101;101;101
где купить куркуму в спб;http://frutoss.ru/katalog?product_id=192;36;32;33;32;30;32
где купить манго в спб;http://frutoss.ru/shop/cukaty/mango/;41;45;46;46;45;45
где купить масло черного тмина;http://frutoss.ru/shop/masla/maslo-chernogo-tmina;91;91;89;91;91;91
где купить масло черного тмина в спб;http://frutoss.ru/shop/masla/maslo-chernogo-tmina;32;32;33;38;24;27
где купить нут;http://frutoss.ru/shop/semena-bobovye/nut/;17;19;21;18;29;20
где купить облепиховое масло;-;101;101;101;101;101;101
где купить облепиховое масло в спб;-;101;101;101;101;101;101
где купить орехи дешево в спб;http://frutoss.ru/shop/orehi;11;13;15;15;13;13
где купить орехи оптом;http://frutoss.ru/shop/orehi;13;13;13;13;11;11
где купить пшеницу для проращивания;http://frutoss.ru/shop/pshenica-dlya-prorashchivaniya;86;87;87;87;20;25
где купить семена аниса;http://frutoss.ru/shop/semena-bobovye/anis/;13;15;16;15;17;13
где купить семена льна;-;101;101;101;101;101;101
где купить семена льна в спб;-;101;101;101;101;101;101
где купить семена укропа;http://frutoss.ru/shop/specii/ukrop-semena;10;11;11;12;101;11
где купить сою в спб;http://frutoss.ru/shop/semena-bobovye/soy/;34;34;23;34;32;32
где купить специи в спб;http://frutoss.ru/shop/specii;12;11;8;14;10;18
где купить сухофрукты в спб;http://frutoss.ru/shop/suhofrukty/;6;5;5;4;4;4
где купить сушеный розмарин;http://frutoss.ru/shop/specii/rozmarin-sushenyy;10;10;11;13;10;10
где купить тыквенное масло в спб;-;101;101;101;101;101;101
где купить хорошие сухофрукты в спб;http://frutoss.ru/shop/suhofrukty/;14;16;16;14;14;14
где купить чурчхелу;http://frutoss.ru/shop/sladosti/churchhela/;6;6;6;3;4;6
где купить шиповник;http://frutoss.ru/shop/suhofrukty/shipovnik;12;12;12;11;11;11
где купить ягоды годжи;http://frutoss.ru/shop/suhofrukty/jagody-godzhi/;14;16;15;15;13;14
где купить ягоды годжи в спб;http://frutoss.ru/shop/suhofrukty/jagody-godzhi/;17;14;14;17;13;14
где можно купить семена льна в спб;-;101;101;101;101;101;101
глутамат натрия купить;http://frutoss.ru/shop/specii/glutamat-natriya;10;8;8;9;8;8
глутамат натрия купить в спб;http://frutoss.ru/shop/specii/pishchevye-dobavki/glutamat-n/;4;4;4;4;4;4
глутамат натрия купить в спб в розницу;http://frutoss.ru/shop/specii/glutamat-natriya;6;5;5;5;5;5
горчичное масло купить;http://frutoss.ru/shop/masla/maslo-gorchicy;22;21;21;20;23;20
горчичное масло купить в спб;http://frutoss.ru/shop/masla/maslo-gorchicy;32;32;30;32;31;31
гранулированный чеснок купить;http://frutoss.ru/shop/specii/chesnok-granulirovannyy;1;1;1;1;1;1
грецкие орехи в скорлупе купить в спб;http://frutoss.ru/shop/orehi/greckij-oreh/;25;36;24;32;37;36
грецкие орехи купить;http://frutoss.ru/shop/orehi/greckij-oreh/;19;14;15;14;16;14
грецкие орехи купить в спб;http://frutoss.ru/shop/orehi/greckij-oreh/;16;8;14;14;14;14
грецкие орехи купить спб;http://frutoss.ru/shop/orehi/greckij-oreh/;15;15;14;14;15;13
грецкие орехи оптом;http://frutoss.ru/shop/orehi/greckij-oreh/;39;37;38;38;41;35
грецкие орехи спб купить дешево;http://frutoss.ru/shop/orehi/greckij-oreh/;7;7;8;8;9;6
грецкие орехи цена за 1 кг очищенные;http://frutoss.ru/shop/orehi/greckij-oreh/;15;15;15;15;87;18
грецкий орех бабочка;http://frutoss.ru/shop/orehi/greckiy-oreh-babochka;2;2;2;2;2;2
грецкий орех в скорлупе купить в спб;http://frutoss.ru/shop/orehi/greckij-oreh/;27;32;30;27;35;25
грецкий орех в скорлупе купить оптом;http://frutoss.ru/shop/orehi/greckiy-oreh-v-skorlupe;19;19;19;22;18;19
грецкий орех в скорлупе чили;http://novgorod.frutoss.ru/shop/orehi/greckiy-oreh-v-skorlupe-chili-krupnyy;11;34;10;12;67;67
грецкий орех в скорлупе чили купить;-;7;5;6;7;101;101
грецкий орех из чили;-;20;31;33;22;101;101
грецкий орех купить;http://frutoss.ru/shop/orehi/greckij-oreh/;13;23;15;14;14;12
грецкий орех купить в спб недорого;http://frutoss.ru/shop/orehi/greckij-oreh/;11;13;11;13;13;11
грецкий орех купить в спб оптом;http://frutoss.ru/shop/orehi/greckij-oreh/;10;12;12;12;12;11
грецкий орех купить оптом;http://frutoss.ru/shop/orehi/greckij-oreh/;29;27;27;27;27;24
грецкий орех оптом;http://frutoss.ru/shop/orehi/greckij-oreh/;44;45;43;44;39;35
грецкий орех очищенный цена;http://frutoss.ru/shop/orehi/greckij-oreh/gretskiy-oreh-ochishenny/;46;46;38;45;49;49
грецкий орех спб оптом;http://frutoss.ru/shop/orehi/greckij-oreh/;13;11;14;14;11;13
грецкий орех цена;http://frutoss.ru/shop/orehi/greckij-oreh/;13;13;13;19;14;13
грецкий орех цена за 1 кг;http://frutoss.ru/shop/orehi/greckij-oreh/;7;7;8;6;8;8
грецкий орех чили в скорлупе;-;101;101;101;101;101;101
грецкий орех чилийский в скорлупе;-;8;7;8;8;101;101
грецкий орех экстра;http://frutoss.ru/shop/orehi/greckiy-oreh-babochka-ekstra;3;3;3;3;3;3
грузинские специи купить в спб;http://frutoss.ru/shop/specii;28;27;27;31;19;27
дальневосточный кедровый орех купить;-;101;101;101;101;101;101
дешевые сухофрукты спб;http://frutoss.ru/shop/suhofrukty/;2;3;3;3;3;3
дикий черный рис купить в спб;-;101;101;101;101;101;101
доставка орехов;http://frutoss.ru/;17;18;16;15;19;19
доставка орехов и сухофруктов;http://frutoss.ru/;2;2;2;2;2;2
доставка сухофрукты;http://frutoss.ru/shop/suhofrukty/;2;2;3;2;2;3
дыня косичка купить;http://frutoss.ru/shop/suhofrukty/dynya-kosichka-sushenaya;1;1;1;1;1;1
дыня сушеная косичка;http://frutoss.ru/shop/suhofrukty/dynya-kosichka-sushenaya;3;2;2;3;2;2
дыня сушеная косичка купить;http://frutoss.ru/shop/suhofrukty/dynya-kosichka-sushenaya;2;2;2;1;2;2
желатин купить;http://frutoss.ru/shop/specii/zhelatin;13;10;11;12;14;14
желатин купить в спб;http://frutoss.ru/shop/specii/zhelatin;7;8;9;4;9;9
желатин купить в спб 1 кг;http://frutoss.ru/shop/specii/zhelatin;5;5;5;5;4;4
желатин пищевой купить;http://frutoss.ru/shop/specii/zhelatin;6;7;8;10;12;13
желатин пищевой купить в спб;http://frutoss.ru/shop/specii/zhelatin;6;6;6;7;7;9
желатин цена;http://frutoss.ru/shop/specii/zhelatin;16;17;17;17;18;20
заказ орехов и сухофруктов;http://frutoss.ru/;2;2;2;2;2;2
заказ орехов и сухофруктов в спб;http://frutoss.ru/;2;2;2;2;2;2
заказать орехи через интернет;http://frutoss.ru/shop/orehi;16;11;16;17;13;13
заказать специи интернет магазин;http://frutoss.ru/shop/specii;13;16;14;11;14;12
заказать сухофрукты;http://frutoss.ru/shop/suhofrukty/;1;1;1;1;1;1
засахаренный имбирь купить;http://frutoss.ru/shop/cukaty/imbir-v-saxare/;4;1;4;4;2;4
зира купить;http://frutoss.ru/shop/specii/smesi-pryanostey/zira/;26;25;25;26;25;25
изюм афганский;http://frutoss.ru/shop/suhofrukty/izyum-afganskiy-evrosort-krasnyy;88;87;87;87;84;84
изюм купить;http://frutoss.ru/shop/suhofrukty/izjum/;2;3;2;2;3;3
изюм купить в спб;http://frutoss.ru/shop/suhofrukty/izjum/;2;3;3;3;3;2
изюм купить оптом;http://frutoss.ru/shop/suhofrukty/izjum/;5;7;5;4;4;4
изюм оптом;http://frutoss.ru/shop/suhofrukty/izjum/;6;7;7;6;6;7
изюм оптом цена;http://frutoss.ru/shop/suhofrukty/izjum/;7;7;7;7;5;5
изюм стоимость 1 кг;http://frutoss.ru/shop/suhofrukty/izjum/;6;6;6;6;6;5
изюм терма с хвостиком;http://frutoss.ru/shop/suhofrukty/izyum-uzbekistan-terma-s-hvostikom;1;1;1;1;1;1
изюм черный купить;http://frutoss.ru/shop/suhofrukty/izjum/;1;3;1;3;4;3
имбирь в сахаре купить;http://frutoss.ru/shop/cukaty/imbir-v-saxare/;2;2;2;2;2;2
имбирь молотый купить;http://frutoss.ru/shop/specii/imbir-molotyy;15;15;15;15;23;17
имбирь цукаты купить;http://frutoss.ru/shop/cukaty/imbir-v-saxare/;9;10;10;9;9;10
индийский рис басмати;-;101;101;101;101;101;101
инжир интернет магазин;http://frutoss.ru/shop/suhofrukty/inzhir;4;4;4;4;4;4
инжир купить;http://frutoss.ru/shop/suhofrukty/injir/;18;18;18;18;20;19
инжир купить в спб;http://frutoss.ru/shop/suhofrukty/injir/;6;9;6;7;6;8
инжир купить оптом;http://frutoss.ru/shop/suhofrukty/inzhir;15;27;32;27;23;23
инжир сушеный купить оптом;http://frutoss.ru/shop/suhofrukty/inzhir;28;23;24;25;27;25
инжир цена;http://frutoss.ru/shop/suhofrukty/injir/;34;35;19;34;38;40
интернет магазин восточных сладостей;http://frutoss.ru/shop/sladosti;4;4;4;4;7;10
интернет магазин орехи;http://frutoss.ru/shop/orehi;18;18;17;18;9;20
интернет магазин орехов и сухофруктов;http://frutoss.ru/;5;9;8;6;7;8
интернет магазин приправ и специй;http://frutoss.ru/shop/specii;9;11;12;12;13;8
интернет магазин специй;http://frutoss.ru/shop/specii;9;10;4;10;9;9
интернет магазин специй и пряностей;http://frutoss.ru/shop/specii;15;15;8;18;8;15
интернет магазин сухофруктов;http://frutoss.ru/;8;3;7;8;9;9
интернет магазин сухофруктов и орехов;http://frutoss.ru/;7;6;5;3;3;3
интернет магазин сухофруктов и орехов спб;http://frutoss.ru/;4;2;4;5;4;6
интернет магазин фисташка;http://frutoss.ru/shop/orehi/fistashka/;5;4;5;5;6;6
канталупа цукаты;http://frutoss.ru/shop/cukaty/kantalupa/;8;8;8;8;12;12
кардамон где купить;http://frutoss.ru/shop/specii/kardamon-celyy;43;42;42;42;40;38
кардамон купить;http://frutoss.ru/shop/specii/smesi-pryanostey/kardamon/;97;100;100;98;95;95
кардамон купить в спб;http://frutoss.ru/shop/specii/kardamon-celyy;40;40;40;40;39;40
кардамон цена;http://frutoss.ru/shop/specii/kardamon-celyy;99;101;101;101;96;95
кедровые орехи купить;http://frutoss.ru/shop/orehi/kedrovyj-oreh/;17;19;19;18;21;22
кедровые орехи купить в спб;http://frutoss.ru/shop/orehi/kedrovyj-oreh/;14;14;14;14;14;17
кедровые орехи купить в спб в розницу;http://frutoss.ru/shop/orehi/kedrovyj-oreh/;10;10;9;9;10;9
кедровые орехи купить в спб килограмм;http://frutoss.ru/shop/orehi/kedrovyj-oreh/;16;18;18;23;19;16
кедровые орехи купить оптом от производителя;http://frutoss.ru/shop/orehi/kedrovyj-oreh/;51;50;46;54;42;43
кедровые орехи магазин интернет;http://frutoss.ru/shop/orehi/kedrovyj-oreh/;25;8;8;30;18;25
кедровые орехи оптом;http://frutoss.ru/shop/orehi/kedrovyj-oreh/;31;36;40;31;35;42
кедровые орехи оптом цена;http://frutoss.ru/shop/orehi/kedrovyj-oreh/;42;31;34;32;51;37
кедровые орехи цена;http://frutoss.ru/shop/orehi/kedrovyj-oreh/;39;26;35;36;27;28
кедровые орехи цена за 1 кг;http://frutoss.ru/shop/orehi/kedrovyj-oreh/;24;25;25;26;22;21
кедровые орехи цена за 1 кг спб;http://frutoss.ru/shop/orehi/kedrovyj-oreh/;14;12;17;19;17;13
кедровые орешки купить;http://frutoss.ru/shop/orehi/kedrovyj-oreh/;37;37;38;36;32;39
кедровые орешки купить в интернет магазине;http://frutoss.ru/shop/orehi/kedrovyj-oreh/;33;32;31;31;31;33
кедровые орешки спб купить;http://frutoss.ru/shop/orehi/kedrovyj-oreh/;16;15;11;16;16;11
кедровый орех купить в спб;http://frutoss.ru/shop/orehi/kedrovyj-oreh/;12;12;12;17;13;13
кедровый орех купить оптом;http://frutoss.ru/shop/orehi/kedrovyj-oreh/;36;32;32;33;33;31
кедровый орех купить спб;http://frutoss.ru/shop/orehi/kedrovyj-oreh/;15;14;14;16;16;13
кедровый орех неочищенный;http://frutoss.ru/shop/orehi/kedrovyj-oreh/neochishennye-kedrovye-orehi/;7;7;7;6;7;7
кедровый орех оптом;http://frutoss.ru/shop/orehi/kedrovyj-oreh/;40;39;39;42;32;37
кедровый орех очищенный купить;http://frutoss.ru/shop/orehi/kedrovyj-oreh/ochishenny-kedrovy-oreh/;46;46;44;46;49;47
кедровый орех очищенный купить в спб;http://frutoss.ru/shop/orehi/kedrovyj-oreh/;19;18;14;19;19;19
кешью в йогурте купить;http://frutoss.ru/shop/sladosti/glazirovannye-orehi-s-suhofrukty/;1;3;3;1;3;1
кешью купить;http://frutoss.ru/shop/orehi/keshju/;3;3;3;3;3;6
кешью купить в спб;http://frutoss.ru/shop/orehi/keshju/;7;5;6;5;4;7
кешью купить оптом;http://frutoss.ru/shop/orehi/keshju/;7;6;6;4;7;10
кизил сушеный купить;http://frutoss.ru/shop/cukaty/kizil/;7;5;7;7;7;5
клюква вяленая;http://frutoss.ru/shop/cukaty/kljukva-vjalenaja/;36;34;28;36;32;37
клюква вяленая купить в спб;http://frutoss.ru/shop/cukaty/kljukva-vjalenaja/;4;3;3;3;3;3
клюква сушеная купить;http://frutoss.ru/shop/cukaty/kljukva-vjalenaja/;11;18;13;10;11;11
клюква сушеная купить в спб;http://frutoss.ru/shop/cukaty/kljukva-vjalenaja/;6;5;5;6;5;5
кокос сушеный купить;-;101;101;101;101;101;101
кокосовая стружка купить;http://frutoss.ru/katalog?product_id=184;55;55;56;54;55;58
кокосовая стружка купить в спб;-;101;101;101;101;101;101
кокосовая стружка купить спб;http://frutoss.ru/katalog?product_id=184;22;24;27;24;26;22
кокосовая стружка цена;http://frutoss.ru/katalog?product_id=184;45;51;45;50;46;49
кокосовая стружка цена за 1 кг;http://frutoss.ru/katalog?product_id=184;12;13;24;22;21;23
конопляное масло купить;http://frutoss.ru/shop/masla/maslo-konoplyanoe;39;38;39;40;42;41
конопляное масло купить в санкт петербурге;-;101;101;101;101;101;101
конопляное масло купить в спб;-;101;101;101;101;101;101
конопляное масло цена;http://frutoss.ru/shop/masla/maslo-konoplyanoe;33;33;32;31;31;34
кориандр купить;-;101;101;101;101;101;101
кориандр купить в спб;http://frutoss.ru/shop/specii/smesi-pryanostey/koriandr/;28;28;28;29;28;18
кориандр цена;-;101;101;101;101;101;101
корица купить;http://frutoss.ru/shop/specii/smesi-pryanostey/korica/;45;33;31;35;32;34
корица купить в спб;http://frutoss.ru/shop/specii/smesi-pryanostey/korica/;31;24;23;19;17;17
корица настоящая купить;http://frutoss.ru/shop/specii/smesi-pryanostey/korica/;45;40;39;37;31;26
королевские финики купить;http://frutoss.ru/shop/suhofrukty/finiki/finik-king/;30;33;33;33;31;35
королевские финики купить в спб;http://frutoss.ru/shop/suhofrukty/finiki/finik-king/;31;32;33;30;33;19
красная чечевица купить в спб;http://frutoss.ru/shop/semena-bobovye/chechevica/krasnaya/;8;8;8;8;8;8
красная чечевица купить оптом;http://frutoss.ru/shop/semena-bobovye/chechevica/krasnaya/;9;9;9;11;9;9
красный перец горошек купить;http://frutoss.ru/shop/specii/perec-rozovyy-goroshek;31;19;21;21;19;20
красный рис купить спб;http://frutoss.ru/shop/semena-bobovye/ris/devzira;34;10;10;17;19;14
красный рис оптом;http://frutoss.ru/shop/semena-bobovye/ris-devzira-krasnyy;89;89;69;89;89;85
крупная белая фасоль купить;-;101;101;101;101;101;101
крупная фасоль купить;-;101;101;101;101;101;101
кукурузное масло купить;-;89;89;100;89;101;101
кукурузное масло цена;http://frutoss.ru/shop/masla/maslo-kukuruznoe;18;18;17;18;19;20
кукурузное нерафинированное масло купить в спб;-;101;101;101;101;101;101
кумкват где купить в спб;http://frutoss.ru/shop/cukaty/kumkvaty/;8;8;9;8;8;8
кумкват купить;http://frutoss.ru/shop/cukaty/kumkvaty/;12;11;9;13;12;12
кумкват купить в спб;http://frutoss.ru/shop/cukaty/kumkvaty/;10;10;10;10;10;10
кумкват сушеный купить;http://frutoss.ru/shop/cukaty/kumkvaty/;6;6;6;6;7;5
кумкват цена в спб;http://frutoss.ru/shop/cukaty/kumkvaty/;11;10;10;10;10;10
кунжут купить;http://frutoss.ru/shop/semena-bobovye/kunzhut/;7;6;4;6;7;7
кунжут купить спб;http://frutoss.ru/shop/semena-bobovye/kunzhut/;3;3;3;3;3;3
кунжут цена;http://frutoss.ru/shop/semena-bobovye/kunzhut/;3;5;5;4;5;7
кунжут черный купить;http://frutoss.ru/shop/specii/kunzhut-chernyy;2;2;2;2;2;2
кунжутное масло купить;-;101;101;101;101;101;101
кунжутное масло купить в спб;-;101;101;101;101;101;101
кунжутное масло цена;-;101;101;101;101;101;101
кунжутные семечки купить;http://frutoss.ru/shop/semena-bobovye/kunzhut/;5;5;5;5;3;5
кунжутные семечки купить в спб;http://frutoss.ru/shop/semena-bobovye/kunzhut/;5;5;5;5;5;5
купить азерчай в интернет магазине;http://frutoss.ru/shop/tea/;7;7;3;5;7;6
купить ананас;http://frutoss.ru/shop/cukaty/ananas/;10;10;10;10;9;9
купить ананас в спб;http://frutoss.ru/shop/cukaty/ananas/;10;7;9;9;8;9
купить анис в спб;http://frutoss.ru/shop/semena-bobovye/anis/;6;6;6;5;6;6
купить арахис;http://frutoss.ru/shop/orehi/arahis/;4;5;5;4;4;5
купить арахис бланшированный;http://frutoss.ru/shop/orehi/arahis-ochishchennyy-blanshirovannyy;16;18;16;17;15;16
купить арахис в спб;http://frutoss.ru/shop/orehi/arahis/;2;2;2;2;2;2
купить арахис оптом;http://frutoss.ru/shop/orehi/arahis/;10;13;12;12;14;12
купить арахис спб;http://frutoss.ru/shop/orehi/arahis/;2;2;2;2;2;2
купить бобы сои в спб;http://frutoss.ru/shop/semena-bobovye/soy/;20;16;18;16;20;17
купить бразильский орех;http://frutoss.ru/shop/orehi/brazilskij-oreh/;21;21;20;21;21;22
купить бразильский орех в спб;http://frutoss.ru/shop/orehi/brazilskij-oreh/;17;17;15;17;18;19
купить в спб манго;http://frutoss.ru/shop/cukaty/mango/;35;34;36;35;35;36
купить в спб сушеный лук;http://frutoss.ru/shop/semena-bobovye/vegetables/luk-sushenyy/;5;6;6;6;6;6
купить виноградные листья для долмы в спб;-;18;19;17;17;101;101
купить восточные сладости;http://frutoss.ru/shop/sladosti;20;20;19;20;22;22
купить восточные сладости в интернет магазине;http://frutoss.ru/shop/sladosti;16;17;20;20;17;19
купить восточные сладости в санкт петербурге;http://frutoss.ru/shop/sladosti;25;25;25;30;73;73
купить восточные сладости в спб;http://frutoss.ru/shop/sladosti;28;28;28;29;28;28
купить восточные сладости оптом;http://frutoss.ru/shop/sladosti;12;13;13;14;12;12
купить вяленую хурму;http://frutoss.ru/shop/suhofrukty/hurma/;6;6;7;8;7;5
купить глутамат натрия в интернет магазине;http://frutoss.ru/shop/specii/glutamat-natriya;5;5;5;5;4;4
купить глутамат натрия в санкт петербурге;http://frutoss.ru/shop/specii/glutamat-natriya;5;5;5;5;4;5
купить горчицы семена;http://frutoss.ru/shop/specii/gorchica-semena;45;42;43;44;53;47
купить грецкие орехи в скорлупе в спб;http://frutoss.ru/shop/orehi/greckij-oreh/;38;32;29;34;34;18
купить грецкие орехи спб дешево;http://frutoss.ru/shop/orehi/greckij-oreh/;11;10;10;11;12;12
купить грецкий орех;http://frutoss.ru/shop/orehi/greckij-oreh/;13;17;15;14;15;12
купить грецкий орех в скорлупе чили;-;4;4;4;4;101;101
купить грецкий орех в спб;http://frutoss.ru/shop/orehi/greckij-oreh/;16;15;14;14;13;13
купить грецкий орех оптом;http://frutoss.ru/shop/orehi/greckij-oreh/;27;24;33;23;24;22
купить грецкий орех очищенный в спб;http://frutoss.ru/shop/orehi/greckij-oreh/;12;12;12;11;12;10
купить грецкий орех чили в скорлупе;http://frutoss.ru/shop/orehi/greckiy-oreh-babochka-chili-ekstra;6;11;4;11;95;95
купить грецкий орех экстра;http://frutoss.ru/shop/orehi/greckiy-oreh-babochka-ekstra;6;6;5;5;4;4
купить дальневосточный кедровый орех в скорлупе;-;101;101;101;101;101;101
купить жареный арахис;http://frutoss.ru/shop/orehi/arahis/zhareny-arahis/;18;16;16;16;15;12
купить желатин пищевой 1 кг в спб;http://frutoss.ru/shop/specii/zhelatin;3;3;5;5;6;5
купить изюм;http://frutoss.ru/shop/suhofrukty/izjum/;2;3;2;3;3;3
купить изюм в санкт петербурге;http://frutoss.ru/shop/suhofrukty/izjum/;6;4;6;4;6;5
купить изюм в спб;http://frutoss.ru/shop/suhofrukty/izjum/;2;2;2;2;2;2
купить изюм малаяр иран;http://frutoss.ru/shop/suhofrukty/izyum-malayar-iran;2;5;2;2;2;2
купить имбирь в сахаре в спб;http://frutoss.ru/shop/cukaty/imbir-v-saxare/;3;3;1;3;3;3
купить инжир сушеный;http://frutoss.ru/shop/suhofrukty/injir/;41;42;41;30;40;42
купить карри в спб;-;101;101;101;101;101;101
купить кедровые орехи;http://frutoss.ru/shop/orehi/kedrovyj-oreh/;27;30;18;17;29;32
купить кедровые орехи в спб;http://frutoss.ru/shop/orehi/kedrovyj-oreh/;16;17;17;17;18;19
купить кедровые орехи в спб дешево;http://frutoss.ru/shop/orehi/kedrovyj-oreh/;15;15;15;15;16;16
купить кедровые орехи очищенные;http://frutoss.ru/shop/orehi/kedrovyj-oreh/;36;36;37;36;36;36
купить кедровые орехи очищенные в спб;http://frutoss.ru/shop/orehi/kedrovyj-oreh/;16;15;15;18;16;16
купить кедровый орех;http://frutoss.ru/shop/orehi/kedrovyj-oreh/;28;29;27;29;30;32
купить кедровый орех в санкт петербурге;http://frutoss.ru/shop/orehi/kedrovyj-oreh/;14;13;13;13;13;14
купить кедровый орех оптом цена;http://frutoss.ru/shop/orehi/kedrovyj-oreh/;24;19;22;22;25;26
купить кешью оптом в спб;http://frutoss.ru/shop/orehi/keshju/;9;6;9;9;9;9
купить корицу в палочках;-;101;101;101;101;101;101
купить корицу в палочках спб;http://frutoss.ru/shop/specii/smesi-pryanostey/korica/;52;51;51;51;45;49
купить корицу молотую;http://frutoss.ru/shop/specii/korica-molotaya;27;26;26;32;23;28
купить кукурузное масло в спб;-;101;101;101;101;101;101
купить кумкват сушеный оптом в спб;http://frutoss.ru/shop/cukaty/kumkvaty/;3;3;3;3;3;3
купить кунжут в спб;http://frutoss.ru/shop/semena-bobovye/kunzhut/;9;5;5;5;5;5
купить курагу;http://frutoss.ru/shop/suhofrukty/kuraga/;3;3;3;3;3;3
купить лавровый лист;http://frutoss.ru/shop/specii/smesi-pryanostey/lavrovyi/;22;26;26;26;27;26
купить манго спб;http://frutoss.ru/shop/cukaty/mango/;40;39;27;44;23;44
купить масло грецкого ореха холодного отжима;-;101;101;101;101;101;101
купить масло черного тмина в санкт петербурге;http://frutoss.ru/shop/masla/maslo-chernogo-tmina;48;45;43;45;55;39
купить мелким оптом сухофрукты от 10 кг;http://frutoss.ru/shop/suhofrukty/;15;16;16;11;9;10
купить миндаль;http://frutoss.ru/shop/orehi/mindal/;2;3;3;2;3;3
купить миндаль оптом;http://frutoss.ru/shop/orehi/mindal/;6;7;7;6;7;7
купить миндаль спб;http://frutoss.ru/shop/orehi/mindal/;3;3;2;3;4;3
купить миндальные лепестки в спб;http://frutoss.ru/shop/orehi?product_id=235;18;18;18;17;17;14
купить миндальные лепестки спб;http://frutoss.ru/shop/orehi?product_id=235;15;25;14;15;18;12
купить можжевельник плоды;http://frutoss.ru/shop/specii/mozhzhevelovaya-yagoda;26;30;31;36;26;28
купить молотую гвоздику;http://frutoss.ru/shop/specii/gvozdika-molotaya;19;18;18;16;15;17
купить молотый имбирь в спб;http://frutoss.ru/shop/specii/imbir-molotyy;19;19;19;17;26;27
купить мускатный орех молотый;http://frutoss.ru/shop/specii/muskatnyy-oreh-molotyy;14;8;12;11;12;9
купить мяту сушеную в спб;http://frutoss.ru/shop/specii/myata-sushenaya;35;38;38;37;33;36
купить нават;http://frutoss.ru/shop/sladosti/navatsahar;1;1;1;1;1;1
купить настоящую корицу в спб;http://frutoss.ru/shop/specii/smesi-pryanostey/korica/;25;19;15;20;19;18
купить нут в санкт петербурге;http://frutoss.ru/shop/semena-bobovye/nut/;7;7;7;7;7;7
купить нут в спб;http://frutoss.ru/shop/semena-bobovye/nut/;3;3;4;3;3;3
купить оптом орехи и сухофрукты в спб;http://frutoss.ru/;3;2;2;2;2;2
купить оптом сухофрукты в спб;http://frutoss.ru/shop/suhofrukty/;2;2;2;2;3;4
купить оптом цукаты;http://frutoss.ru/shop/cukaty;5;5;5;3;5;5
купить орех макадамия;http://frutoss.ru/shop/orehi/makadamija/;4;11;13;10;12;10
купить орех макадамия в спб;http://frutoss.ru/shop/orehi/makadamija/;9;9;14;13;13;15
купить орехи;http://frutoss.ru/shop/orehi;3;3;4;7;5;3
купить орехи в интернет магазине;http://frutoss.ru/shop/orehi;2;2;2;2;2;2
купить орехи в интернет магазине недорого;http://frutoss.ru/shop/orehi;10;11;11;19;10;10
купить орехи в спб;http://frutoss.ru/shop/orehi;8;6;9;11;10;10
купить орехи в спб дешево;http://frutoss.ru/shop/orehi;12;13;13;14;9;10
купить орехи в спб дешево в розницу;http://frutoss.ru/shop/orehi;9;9;13;12;10;12
купить орехи в спб дешево мелкий опт;http://frutoss.ru/shop/orehi;5;5;6;7;5;6
купить орехи дешево спб;http://frutoss.ru/shop/orehi;8;8;8;9;8;8
купить орехи доставка почтой россии;http://frutoss.ru/shop/orehi;10;6;12;12;11;12
купить орехи и сухофрукты в спб;http://frutoss.ru/shop/suhofrukty/;6;6;2;6;6;4
купить орехи и сухофрукты в спб недорого;http://frutoss.ru/shop/suhofrukty/;6;6;6;9;6;7
купить орехи и сухофрукты интернет магазин;http://frutoss.ru/;4;4;3;5;5;5
купить орехи и сухофрукты недорого спб;http://frutoss.ru/shop/suhofrukty/;6;6;6;5;3;6
купить орехи и сухофрукты оптом;http://frutoss.ru/;3;2;2;2;2;2
купить орехи макадамии;http://frutoss.ru/shop/orehi/makadamija/;13;13;13;13;13;13
купить орехи макадамия в спб;http://frutoss.ru/shop/orehi/makadamija/;13;14;15;15;12;14
купить орехи оптом;http://frutoss.ru/shop/orehi;4;4;7;8;5;6
купить орехи оптом в спб;http://frutoss.ru/shop/orehi;3;5;7;9;8;9
купить очищенный арахис;http://frutoss.ru/shop/orehi/arahis/;3;3;3;4;6;3
купить пастилу оптом;http://frutoss.ru/shop/sladosti/pastila/;21;17;19;22;20;21
купить пекан;http://frutoss.ru/shop/orehi/pekan/;4;4;4;5;4;5
купить перец молотый;http://frutoss.ru/shop/specii/perec/perec-molotiy/;48;54;54;53;39;52
купить персик сушеный;http://frutoss.ru/shop/suhofrukty/persik-naturalnyy;16;16;16;18;18;20
купить петрушка сушеная;http://frutoss.ru/shop/specii/petrushka-sushenaya;10;10;10;10;10;10
купить помело;http://frutoss.ru/shop/cukaty/pomelo/;21;20;21;21;19;21
купить помело в спб;http://frutoss.ru/shop/cukaty/pomelo/;4;4;4;4;4;4
купить приправу шафран;http://frutoss.ru/shop/specii/smesi-pryanostey/shafran/;13;10;12;13;13;14
купить приправы и специи;http://frutoss.ru/shop/specii;15;13;15;16;17;17
купить приправы и специи в интернет магазине;http://frutoss.ru/shop/specii;13;13;3;16;14;19
купить приправы и специи в спб;http://frutoss.ru/shop/specii;8;7;8;7;9;9
купить приправы и специи грузинские;-;101;101;101;101;101;101
купить пряности оптом;http://frutoss.ru/shop/specii;8;3;3;8;5;10
купить пряности спб;http://frutoss.ru/shop/specii;4;3;4;3;5;5
купить пряности специи приправы;http://frutoss.ru/shop/specii;3;10;11;12;13;12
купить рис;http://frutoss.ru/shop/semena-bobovye/ris/;78;78;78;78;73;73
купить рис басмати в санкт петербурге;http://frutoss.ru/shop/semena-bobovye/ris/basmati;94;94;93;94;89;89
купить рис девзира в спб;http://frutoss.ru/shop/semena-bobovye/ris/;10;10;9;9;8;8
купить рис для плова;http://frutoss.ru/shop/semena-bobovye/ris/;9;9;9;10;11;9
купить рис для плова в спб;http://frutoss.ru/shop/semena-bobovye/ris/;8;8;8;8;8;8
купить рис лазер;http://frutoss.ru/shop/semena-bobovye/ris/ris-lazer;7;7;7;5;6;7
купить рис лазер для плова;http://frutoss.ru/shop/semena-bobovye/ris/ris-lazer;10;5;10;10;11;9
купить рис оптом;-;101;101;101;101;101;101
купить рис тамаша;http://frutoss.ru/shop/semena-bobovye/ris/tamasha/;8;8;8;7;9;10
купить рыжиковое масло в спб;http://frutoss.ru/shop/masla/maslo-ryzhikovoe;18;18;18;18;20;19
купить семена горчицы в спб;http://frutoss.ru/shop/specii/gorchica-semena;40;40;40;41;44;38
купить семена льна в санкт петербурге;-;101;101;101;101;101;101
купить семена подсолнуха;http://frutoss.ru/shop/semena-bobovye?product_id=145;84;84;84;84;86;85
купить семена помело;http://frutoss.ru/shop/cukaty/pomelo/;11;12;11;10;13;15
купить семечки в спб;http://frutoss.ru/shop/semena-bobovye/semechki/;17;16;17;17;16;16
купить семечки очищенные оптом;-;101;101;101;101;70;101
купить семечки подсолнуха;http://frutoss.ru/shop/semena-bobovye/semechki/syrye-semechki;55;55;55;54;43;60
купить сою в спб;http://frutoss.ru/shop/semena-bobovye/soy/;25;27;27;27;24;24
купить сою в спб цена;http://frutoss.ru/shop/semena-bobovye/soy/;28;28;28;28;24;24
купить специи в интернет магазине;http://frutoss.ru/shop/specii;7;7;6;7;9;11
купить специи в спб;http://frutoss.ru/shop/specii;6;5;7;7;9;6
купить специи и пряности в интернет магазине;http://frutoss.ru/shop/specii;13;3;12;14;11;14
купить специи и пряности оптом;http://frutoss.ru/shop/specii;7;2;6;10;11;7
купить специи и пряности по оптовым ценам;http://frutoss.ru/shop/specii;4;2;5;7;4;1
купить специи недорого;http://frutoss.ru/shop/specii;5;10;11;12;12;13
купить специи оптом;http://frutoss.ru/shop/specii;3;4;4;5;5;3
купить специи оптом от производителя;http://frutoss.ru/shop/specii;7;7;7;7;8;9
купить специи приправы;http://frutoss.ru/shop/specii;8;4;8;9;10;10
купить сухофрукты;http://frutoss.ru/shop/suhofrukty/;2;3;2;3;2;2
купить сухофрукты в интернет магазине;http://frutoss.ru/shop/suhofrukty/;1;3;3;2;2;3
купить сухофрукты в санкт петербурге недорого;http://frutoss.ru/shop/suhofrukty/;3;2;3;3;3;2
купить сухофрукты в санкт петербурге недорого оптом;http://frutoss.ru/shop/suhofrukty/;7;8;8;4;8;8
купить сухофрукты в спб;http://frutoss.ru/shop/suhofrukty/;3;1;3;3;3;3
купить сухофрукты в спб в интернет магазине;http://frutoss.ru/shop/suhofrukty/;2;2;2;2;2;2
купить сухофрукты дешево в спб;http://frutoss.ru/shop/suhofrukty/;1;2;1;3;2;2
купить сухофрукты оптом;http://frutoss.ru/shop/suhofrukty/;8;3;8;4;6;7
купить сухофрукты спб;http://frutoss.ru/shop/suhofrukty/;2;2;2;1;1;1
купить сушеную черную мелкую хурму;http://frutoss.ru/shop/suhofrukty/hurma/;6;6;6;6;9;9
купить сушеные баклажаны;http://frutoss.ru/shop/specii/baklazhany-sushenye;4;3;5;5;4;5
купить сушеные овощи;http://frutoss.ru/shop/specii/sushenye-ovoshchi/;5;4;4;5;3;4
купить сушеные фрукты спб;http://frutoss.ru/shop/suhofrukty/sushenye-plody-fruktov/;2;1;2;2;1;2
купить сушеный розмарин;http://frutoss.ru/shop/specii/rozmarin-sushenyy;6;5;5;6;8;6
купить сырые семечки подсолнуха в спб;http://frutoss.ru/shop/semena-bobovye/semechki/;18;12;12;12;12;12
купить тмин черный;http://frutoss.ru/shop/specii/tmin-chernyy-sidona;30;29;30;29;25;28
купить турецкие сладости;http://frutoss.ru/shop/sladosti;101;101;101;101;86;51
купить фасоль;http://frutoss.ru/shop/semena-bobovye/fasol/;28;30;30;28;28;29
купить фасоль оптом;http://frutoss.ru/shop/semena-bobovye/fasol/;62;63;57;63;65;65
купить финики оптом в спб;http://frutoss.ru/shop/suhofrukty/finiki/;7;6;7;8;7;8
купить фисташки;http://frutoss.ru/shop/orehi/fistashka/;18;17;16;15;15;14
купить фисташки в спб;http://frutoss.ru/shop/orehi/fistashka/;8;8;8;8;8;7
купить фисташки на развес в спб;http://frutoss.ru/shop/orehi/fistashka/;7;5;5;5;5;5
купить фисташки оптом;http://frutoss.ru/shop/orehi/fistashka/;27;26;28;27;22;22
купить фисташки оптом цена;http://frutoss.ru/shop/orehi/fistashka/;30;33;27;30;26;24
купить фисташки спб;http://frutoss.ru/shop/orehi/fistashka/;9;9;9;9;8;8
купить фундук;http://frutoss.ru/shop/orehi/funduk/;15;17;16;22;16;16
купить фундук в спб;http://frutoss.ru/shop/orehi/funduk/;10;10;9;10;7;7
купить фундук оптом;http://frutoss.ru/shop/orehi/funduk/;16;12;13;12;14;11
купить фундук оптом цена;http://frutoss.ru/shop/orehi/funduk/;20;22;22;22;23;24
купить фундук спб;http://frutoss.ru/shop/orehi/funduk/;14;15;15;15;13;13
купить цедру апельсина;http://frutoss.ru/shop/cukaty/cedra-apelsina-1/;15;16;12;13;16;17
купить цедру апельсина оптом;http://frutoss.ru/shop/cukaty/cedra-apelsina;14;14;14;14;13;12
купить цукаты;http://frutoss.ru/shop/cukaty;3;2;2;3;4;4
купить цукаты в интернет магазине;http://frutoss.ru/shop/cukaty;4;3;4;4;5;5
купить чернослив;http://frutoss.ru/shop/suhofrukty/chernosliv/;4;4;4;4;4;4
купить чернослив в спб;http://frutoss.ru/shop/suhofrukty/chernosliv/;3;3;3;3;4;4
купить чернослив в шоколаде;http://frutoss.ru/shop/sladosti/chernosliv-s-greckim-orehom-v-shokolade;11;16;9;16;9;9
купить чурчхелу;http://frutoss.ru/shop/sladosti/churchhela/;6;7;6;3;7;8
купить чурчхелу в спб;http://frutoss.ru/shop/sladosti/churchhela/;4;4;2;4;4;4
купить чёрный перец горошком;http://frutoss.ru/shop/specii/perec-chernyy-goroshek;25;26;24;24;27;28
купить шафран в спб цена;http://frutoss.ru/shop/specii/smesi-pryanostey/shafran/;6;5;7;7;8;7
купить шиповник;http://frutoss.ru/shop/suhofrukty/shipovnik;8;8;10;11;14;10
купить шиповник в спб;http://frutoss.ru/shop/suhofrukty/shipovnik;9;8;9;11;6;10
купить шиповник сушеный оптом;http://frutoss.ru/shop/suhofrukty/shipovnik;23;23;25;26;21;24
купить ягоды сушеные оптом;http://frutoss.ru/shop/suhofrukty/sushenye-plody-fruktov/sushenye-yagody/;27;37;36;26;39;23
куплю арахис оптом;http://frutoss.ru/shop/orehi/arahis/;20;14;20;19;18;20
куплю грецкий орех;http://frutoss.ru/shop/orehi/greckij-oreh/;23;23;25;21;22;20
курага купить;http://frutoss.ru/shop/suhofrukty/kuraga/;3;3;3;3;3;3
курага купить в спб;http://frutoss.ru/shop/suhofrukty/kuraga/;3;3;3;2;2;2
курага магазин;http://frutoss.ru/shop/suhofrukty/kuraga/;2;1;2;2;2;2
курага оптом;http://frutoss.ru/shop/suhofrukty/kuraga/;5;5;5;5;4;4
курага оптом купить;http://frutoss.ru/shop/suhofrukty/kuraga/;8;8;8;8;6;5
курага шоколадная купить;http://frutoss.ru/shop/suhofrukty/kuraga/;8;8;9;10;9;5
курага экстра;-;101;101;101;101;101;101
куркума где купить;http://frutoss.ru/katalog?product_id=192;48;34;49;47;50;47
куркума где купить в санкт петербурге;http://frutoss.ru/katalog?product_id=192;24;23;22;26;22;21
куркума купить;http://frutoss.ru/katalog?product_id=192;46;45;44;44;45;45
куркума купить в спб;http://frutoss.ru/katalog?product_id=192;37;36;34;37;36;37
куркума цена;http://frutoss.ru/katalog?product_id=192;36;49;48;48;51;50
курут оптом;http://frutoss.ru/shop/sladosti/kurut;8;8;9;9;7;9
лавровый лист оптом;http://frutoss.ru/katalog?product_id=193;38;27;36;33;31;27
лавровый лист цена;http://frutoss.ru/katalog?product_id=193;49;45;67;46;49;49
лепестки миндаля купить спб;http://frutoss.ru/shop/orehi?product_id=235;12;12;27;11;17;12
лепестки роз сушеные купить;-;101;101;101;101;101;101
лист манго;http://frutoss.ru/shop/cukaty/mango-list-naturalnyy;11;9;11;9;11;11
лук сушеный;-;101;101;101;101;101;101
лук сушеный купить;http://frutoss.ru/shop/semena-bobovye/vegetables/luk-sushenyy/;25;25;25;32;21;31
магазин восточных сладостей;http://frutoss.ru/shop/sladosti;30;30;30;27;30;30
магазин восточных сладостей в спб;http://frutoss.ru/shop/sladosti;42;41;43;41;100;100
магазин орехов;http://frutoss.ru/shop/orehi;31;30;14;33;27;26
магазин орехов в спб;http://frutoss.ru/;25;24;24;21;15;29
магазин орехов и сухофруктов;http://frutoss.ru/;10;10;5;9;10;10
магазин орехов и сухофруктов в санкт петербурге;http://frutoss.ru/;9;13;9;9;10;8
магазин орехов и сухофруктов грецкий грецкий спб;http://frutoss.ru/;17;15;15;14;9;20
магазин орехов спб;http://frutoss.ru/;21;20;21;8;20;22
магазин приправ и специй в санкт петербурге;http://frutoss.ru/shop/specii;8;6;6;7;6;7
магазин специй;http://frutoss.ru/shop/specii;15;14;14;18;16;15
магазин специй в санкт петербурге;http://frutoss.ru/shop/specii;18;17;17;17;16;16
магазин специй и приправ;http://frutoss.ru/shop/specii;10;8;7;11;12;12
магазин специй и пряностей;http://frutoss.ru/shop/specii;16;17;15;17;12;12
магазин специй и пряностей спб;http://frutoss.ru/shop/specii;7;7;7;12;9;9
магазин специй спб;http://frutoss.ru/shop/specii;14;19;14;21;11;11
магазин сухофруктов;http://frutoss.ru/shop/suhofrukty/;9;9;9;10;10;10
магазин сухофруктов и орехов;http://frutoss.ru/;11;10;10;8;11;10
магазин сухофруктов спб;http://frutoss.ru/shop/suhofrukty/;7;6;6;5;6;7
магазин шафран спб;http://frutoss.ru/shop/specii/smesi-pryanostey/shafran/;30;27;29;33;30;30
магазины специй в санкт петербурге;http://frutoss.ru/shop/specii;20;17;21;19;18;21
мак пищевой;-;101;101;101;101;101;101
мак пищевой купить;http://frutoss.ru/shop/semena-bobovye/mak-pishchevoy;18;9;9;12;10;10
мак пищевой купить спб;http://frutoss.ru/shop/semena-bobovye/mak-pishchevoy;8;8;9;7;15;9
макадамия купить оптом;http://frutoss.ru/shop/orehi/makadamija/;9;9;8;6;9;5
макадамия оптом;http://frutoss.ru/shop/orehi/makadamija/;12;11;10;11;11;9
макадамия оптом купить;http://frutoss.ru/shop/orehi/makadamija/;10;8;7;7;8;8
макадамия орех купить;http://frutoss.ru/shop/orehi/makadamija/;13;14;15;16;12;11
манго купить дешево;http://frutoss.ru/shop/cukaty/mango/;96;96;96;96;94;92
манго оптом;http://frutoss.ru/shop/cukaty/mango/;24;24;28;29;26;27
манго сушеное купить в спб;http://frutoss.ru/shop/cukaty/mango/;11;11;11;11;13;12
манго сушеное оптом;http://frutoss.ru/shop/cukaty/mango/;18;20;20;20;21;20
манго цукаты купить;http://frutoss.ru/shop/cukaty;5;8;5;5;5;5
масло амаранта купить;http://frutoss.ru/shop/masla/maslo-amarantovoe;34;36;27;32;33;33
масло амаранта купить в спб;http://frutoss.ru/shop/masla/maslo-amarantovoe;22;22;20;21;22;21
масло виноградной косточки купить;http://frutoss.ru/shop/masla/maslo-vinogradnoy-kostochki;38;39;38;39;36;34
масло виноградной косточки купить в спб;-;101;101;101;101;101;101
масло виноградной косточки нерафинированное купить в спб;-;101;101;101;101;101;101
масло виноградной косточки цена;http://frutoss.ru/shop/masla/maslo-vinogradnoy-kostochki;50;51;53;50;52;51
масло грецкого ореха купить;http://frutoss.ru/shop/masla/maslo-greckogo-oreha;9;9;9;9;9;10
масло грецкого ореха купить в спб;http://frutoss.ru/shop/masla/maslo-greckogo-oreha;9;9;8;7;8;8
масло из тыквенных семечек купить;http://frutoss.ru/shop/masla/maslo-tykvennoe;25;29;27;39;36;31
масло конопляное купить в спб;-;101;101;101;101;101;101
масло кукурузное купить;http://frutoss.ru/shop/masla/maslo-kukuruznoe;94;94;94;94;97;97
масло кукурузное нерафинированное купить;-;101;101;101;101;101;101
масло облепихи купить;http://frutoss.ru/shop/masla/maslo-oblepihovoe;56;56;53;56;55;55
масло облепихи купить в спб;-;101;101;101;101;101;101
масло облепихи цена;-;98;98;98;97;101;101
масло ореха пекан купить;http://frutoss.ru/shop/orehi/pekan/;6;7;6;10;12;15
масло расторопши купить;http://frutoss.ru/shop/masla/maslo-rastoropshi;86;92;86;85;78;78
масло расторопши купить в спб;http://frutoss.ru/shop/masla/maslo-rastoropshi;29;29;29;30;29;29
масло расторопши цена;http://frutoss.ru/shop/masla/maslo-rastoropshi;94;94;52;92;52;84
масло тмина купить в спб;http://frutoss.ru/shop/masla/maslo-chernogo-tmina;70;70;70;70;77;78
масло фундука купить;http://frutoss.ru/shop/masla/;11;12;11;11;8;12
масло черного тмина купить;http://frutoss.ru/shop/masla/maslo-chernogo-tmina;34;35;36;35;51;36
масло черного тмина купить в спб;http://frutoss.ru/shop/masla/maslo-chernogo-tmina;64;64;64;64;52;53
масло черного тмина спб;http://frutoss.ru/shop/masla/maslo-chernogo-tmina;89;89;89;88;90;90
масло черного тмина цена;http://frutoss.ru/shop/masla/maslo-chernogo-tmina;101;101;101;101;101;61
миндаль белый купить;http://frutoss.ru/shop/orehi/mindal/;10;10;9;6;13;13
миндаль в скорлупе купить;http://frutoss.ru/shop/orehi/mindal-v-skorlupe;18;17;20;19;18;19
миндаль в шоколаде оптом;http://frutoss.ru/shop/sladosti/glazirovannye-orehi-s-suhofrukty/;6;5;7;8;4;8
миндаль купить;http://frutoss.ru/shop/orehi/mindal/;3;2;3;3;3;3
миндаль купить в санкт петербурге;http://frutoss.ru/shop/orehi/mindal/;4;3;3;3;3;3
миндаль купить в спб;http://frutoss.ru/shop/orehi/mindal/;2;2;2;2;2;3
миндаль купить спб;http://frutoss.ru/shop/orehi/mindal/;2;2;2;2;2;2
миндаль оптом;http://frutoss.ru/shop/orehi/mindal/;7;6;6;8;8;5
миндаль оптом купить;http://frutoss.ru/shop/orehi/mindal/;7;8;8;7;7;7
миндаль орех купить;http://frutoss.ru/shop/orehi/mindal-zharenyy;5;5;4;4;40;37
миндаль очищенный купить;http://frutoss.ru/shop/orehi/mindal/;3;2;2;2;2;2
миндаль спб купить;http://frutoss.ru/shop/orehi/mindal/;3;3;2;3;2;2
миндальные лепестки где купить в спб;http://frutoss.ru/shop/orehi?product_id=235;28;20;21;20;34;21
миндальные лепестки купить спб;http://frutoss.ru/shop/orehi?product_id=235;13;13;13;13;12;11
можжевеловые ягоды купить в спб;http://frutoss.ru/shop/specii/mozhzhevelovaya-yagoda;9;8;7;9;9;10
можжевельник ягоды купить;http://frutoss.ru/shop/specii/mozhzhevelovaya-yagoda;24;25;22;26;25;24
морковь сушеная оптом;http://frutoss.ru/shop/specii/morkov-sushenaya;45;42;46;41;51;40
мускатный орех где купить;http://frutoss.ru/shop/specii/muskatnyy-oreh-celyy;37;47;38;37;37;38
мускатный орех купить;http://frutoss.ru/shop/specii/muskatnyy-oreh-molotyy;39;30;39;40;38;40
мускатный орех купить в спб;http://frutoss.ru/shop/specii/muskatnyy-oreh-celyy;20;17;18;23;17;18
мускатный орех цена;http://frutoss.ru/shop/specii/muskatnyy-oreh-molotyy;41;40;41;39;42;43
мята сушеная купить;http://frutoss.ru/shop/specii/myata-sushenaya;28;52;32;32;34;33
набор сухофруктов;-;101;101;101;101;101;101
набор цукатов;http://frutoss.ru/shop/cukaty;14;15;14;14;13;14
неочищенные кедровые орехи;http://frutoss.ru/shop/orehi/kedrovyj-oreh/neochishennye-kedrovye-orehi/;9;5;9;9;8;8
нут где купить в спб;http://frutoss.ru/shop/semena-bobovye/nut/;6;6;8;7;8;8
нут купить;http://frutoss.ru/shop/semena-bobovye/nut/;20;20;24;22;22;24
нут купить в спб;http://frutoss.ru/shop/semena-bobovye/nut/;4;4;4;4;4;4
нут купить оптом;-;101;101;101;94;101;101
нут купить семена;http://frutoss.ru/shop/semena-bobovye/nut/;33;25;32;31;31;31
нут цена;http://frutoss.ru/shop/semena-bobovye/nut/;34;34;37;35;47;40
облепиховое масло купить;-;101;101;101;101;101;101
облепиховое масло купить в спб;-;101;101;101;101;101;101
облепиховое масло цена;-;101;101;101;101;101;101
облепиховое масло цена спб;-;101;101;101;101;101;101
овощи сушеные оптом;http://frutoss.ru/shop/specii/sushenye-ovoshchi/;5;3;1;2;3;2
оливковое масло оптом;-;101;101;101;101;101;101
оптовая продажа орехов и сухофруктов;http://frutoss.ru/;2;2;3;2;1;2
оптовая продажа сухофруктов;http://frutoss.ru/;7;6;6;6;6;7
оптовые продажи пищевых добавок;http://frutoss.ru/shop/specii/pishchevye-dobavki/;18;9;9;18;12;13
оптом орехи спб;http://frutoss.ru/shop/orehi;2;7;2;8;7;8
оптом сухофрукты;http://frutoss.ru/shop/suhofrukty/;10;9;9;9;6;9
орегано купить;http://frutoss.ru/shop/specii/oregano;11;11;12;9;10;12
орех грецкий купить;http://frutoss.ru/shop/orehi/greckij-oreh/;10;10;11;13;18;9
орех грецкий купить оптом;http://frutoss.ru/shop/orehi/greckij-oreh/;30;32;31;32;30;27
орех лесной купить;http://frutoss.ru/shop/orehi/funduk/;12;12;12;12;9;9
орех макадамия купить в спб;http://frutoss.ru/shop/orehi/makadamija/;16;14;14;14;15;17
орех макадамия цена;http://frutoss.ru/shop/orehi/makadamija/;13;13;14;13;13;11
орех макадамия цена за 1 кг;http://frutoss.ru/shop/orehi/makadamija/;4;4;3;4;3;4
орех пекан купить;http://frutoss.ru/shop/orehi/pekan/;4;4;4;6;6;5
орех пекан купить в спб;http://frutoss.ru/shop/orehi/pekan/;3;3;3;4;4;3
орех пекан цена за 1 кг;http://frutoss.ru/shop/orehi/pekan/;3;3;3;3;3;3
орех чилийский грецкий;http://frutoss.ru/shop/orehi/greckiy-oreh-babochka-chili-ekstra;37;35;37;36;92;92
орехи в скорлупе грецкие купить в спб;http://frutoss.ru/shop/orehi/greckij-oreh/;34;36;35;32;37;31
орехи в спб;http://frutoss.ru/shop/orehi;16;15;17;18;14;17
орехи в шоколаде купить оптом в спб;http://frutoss.ru/shop/sladosti/glazirovannye-orehi-s-suhofrukty/;1;1;1;1;1;1
орехи в шоколаде оптом;http://frutoss.ru/shop/sladosti/glazirovannye-orehi-s-suhofrukty/;1;2;2;4;2;4
орехи в шоколаде спб;http://frutoss.ru/shop/sladosti/glazirovannye-orehi-s-suhofrukty/;1;1;2;1;1;1
орехи грецкие в скорлупе купить;http://frutoss.ru/shop/orehi/greckij-oreh/gretsky-oreh-v-skorlupe/;36;38;37;38;57;53
орехи грецкие купить спб;http://frutoss.ru/shop/orehi/greckij-oreh/;10;10;10;10;8;10
орехи и семечки оптом;http://frutoss.ru/;88;86;86;86;94;96
орехи и сухофрукты;http://frutoss.ru/;1;1;1;1;1;1
орехи и сухофрукты в санкт петербурге;http://frutoss.ru/;1;1;1;1;1;2
орехи и сухофрукты интернет магазин спб;http://frutoss.ru/;3;3;3;3;3;1
орехи и сухофрукты интернет магазин спб дешево;http://frutoss.ru/;7;5;5;6;4;5
орехи и сухофрукты интернет магазин спб недорого;http://frutoss.ru/;8;7;7;8;8;8
орехи и сухофрукты купить;http://frutoss.ru/;2;8;7;7;6;7
орехи и сухофрукты оптом;http://frutoss.ru/;1;1;1;1;1;1
орехи и сухофрукты оптом от производителя спб;http://frutoss.ru/;2;2;2;1;2;2
орехи и сухофрукты от производителя;http://frutoss.ru/;1;1;1;1;1;1
орехи и сухофрукты спб;http://frutoss.ru/;4;4;4;4;4;4
орехи интернет магазин;http://frutoss.ru/shop/orehi;22;22;7;25;20;20
орехи интернет магазин спб;http://frutoss.ru/;19;18;16;17;19;19
орехи кешью купить в спб;http://frutoss.ru/shop/orehi/keshju/;6;6;6;6;5;7
орехи купить;http://frutoss.ru/shop/orehi;8;8;8;8;8;8
орехи купить в спб;http://frutoss.ru/shop/orehi;10;10;12;8;10;8
орехи купить дешево в спб;http://frutoss.ru/shop/orehi;9;9;10;10;8;8
орехи купить интернет магазин;http://frutoss.ru/shop/orehi;7;7;4;10;7;8
орехи купить недорого интернет магазин;http://frutoss.ru/shop/orehi;9;9;18;21;8;12
орехи купить оптом спб;http://frutoss.ru/shop/orehi;2;3;4;5;4;4
орехи макадамия купить;http://frutoss.ru/shop/orehi/makadamija/;11;9;6;5;10;9
орехи макадамия цена;http://frutoss.ru/shop/orehi/makadamija/;11;11;11;11;11;11
орехи набор;http://frutoss.ru/shop/sladosti/assorti-smesh-orehi-i-suhofrukty;33;87;87;87;86;86
орехи опт;http://frutoss.ru/shop/orehi;10;11;13;12;3;10
орехи оптом;http://frutoss.ru/shop/orehi;5;7;7;4;8;6
орехи оптом в спб;http://frutoss.ru/shop/orehi;7;6;8;9;4;8
орехи оптом купить;http://frutoss.ru/shop/orehi;4;6;6;7;6;4
орехи оптом спб;http://frutoss.ru/shop/orehi;3;4;4;4;5;5
орехи от производителя;http://frutoss.ru/;14;15;14;11;7;14
орехи официальный сайт;-;101;101;101;101;101;101
орехи пекан купить;http://frutoss.ru/shop/orehi/pekan/;3;4;3;5;5;5
орехи пекан купить в санкт петербурге;http://frutoss.ru/shop/orehi/pekan/;3;3;3;3;3;3
орехи пекан цена;http://frutoss.ru/shop/orehi/pekan/;5;4;5;5;6;6
орехи с доставкой;http://frutoss.ru/shop/orehi;13;13;12;15;8;5
орехи с доставкой спб;http://frutoss.ru/shop/orehi;3;2;1;4;3;3
орехи санкт петербург;http://frutoss.ru/shop/orehi;4;4;3;7;7;7
орехи спб;http://frutoss.ru/shop/orehi;12;11;12;13;11;11
орехи сухофрукты;http://frutoss.ru/;2;2;1;2;1;2
орехи сухофрукты оптом;http://frutoss.ru/;1;2;2;2;2;2
орехи сухофрукты спб;http://frutoss.ru/;1;1;1;1;2;2
орехи сухофрукты специи;http://frutoss.ru/;7;4;4;6;3;3
орехи фасованные оптом;http://frutoss.ru/;101;38;33;30;91;92
ореховые компании;-;74;74;76;74;101;101
ореховые смеси купить;http://frutoss.ru/shop/orehi/orehovye-smesi/;6;6;6;6;5;6
орешки кедровые купить в спб;http://frutoss.ru/shop/orehi/kedrovyj-oreh/;16;14;14;14;14;15
очищенные кедровые орехи купить;http://frutoss.ru/shop/orehi/kedrovyj-oreh/;32;36;36;26;39;37
парварда купить;http://frutoss.ru/shop/sladosti/parvarda;1;1;1;1;1;1
парварда купить в санкт петербурге;http://frutoss.ru/shop/sladosti/parvarda;2;2;2;2;2;2
пастила купить;http://frutoss.ru/shop/sladosti/pastila/;29;40;41;43;42;43
пастила купить в интернет магазине;http://frutoss.ru/shop/sladosti/pastila/;40;39;37;40;43;26
пастила купить спб;http://frutoss.ru/shop/sladosti/pastila/;37;36;37;30;44;44
пастила натуральная купить в спб;http://frutoss.ru/shop/sladosti/pastila/;39;38;37;39;33;30
пастила оптом от производителя;http://frutoss.ru/shop/sladosti/pastila/;32;40;38;30;39;40
пекан в скорлупе;http://frutoss.ru/shop/orehi/pekan-v-skorlupe;20;20;18;19;21;20
пекан в скорлупе купить;http://frutoss.ru/shop/orehi/pekan/;11;11;9;10;9;10
пекан купить;http://frutoss.ru/shop/orehi/pekan/;4;4;4;4;5;4
пекан купить в спб;http://frutoss.ru/shop/orehi/pekan/;3;3;3;4;5;5
пекан купить спб;http://frutoss.ru/shop/orehi/pekan/;3;4;3;3;3;3
перец молотый черный купить в спб;-;101;101;101;101;101;101
перец розовый горошек купить;http://frutoss.ru/shop/specii/perec-rozovyy-goroshek;25;13;13;14;13;13
перец черный горошек купить;http://frutoss.ru/shop/specii/perec-chernyy-goroshek;21;26;30;26;28;31
перец чёрный горошек цена за 1 кг;http://frutoss.ru/shop/specii/perec-chernyy-goroshek;22;23;23;22;31;20
персик вяленый купить;http://frutoss.ru/shop/cukaty/vyalenyi-persik/;8;10;9;9;10;10
пищевые добавки купить;http://frutoss.ru/shop/specii/pishchevye-dobavki/;30;29;32;31;33;31
пищевые добавки купить в спб;http://frutoss.ru/shop/specii/pishchevye-dobavki/;45;44;46;45;55;69
плоды шиповника купить;http://frutoss.ru/shop/suhofrukty/shipovnik;9;8;9;10;9;10
плоды шиповника купить в спб;http://frutoss.ru/shop/suhofrukty/shipovnik;10;10;10;11;11;14
подарочные наборы сухофруктов и орехов в спб;-;101;101;101;101;101;101
помело цена;http://frutoss.ru/shop/cukaty/pomelo-cedra;82;84;84;84;54;54
поставщики орехов;http://frutoss.ru/opt/;6;6;5;5;4;2
поставщики орехов и сухофруктов;http://frutoss.ru/;1;1;2;1;1;2
приправа для моркови по корейски купить;http://frutoss.ru/shop/specii/smesi-priprav/morkov-po-koreiski/;1;1;1;1;1;1
приправа для шаурмы;http://frutoss.ru/shop/specii/smesi-priprav/dlya-shaurmy/;17;17;17;17;18;19
приправы и специи где купить в спб;http://frutoss.ru/shop/specii;11;11;12;12;11;12
приправы и специи купить;http://frutoss.ru/shop/specii;13;13;14;15;15;9
приправы и специи купить интернет магазин;http://frutoss.ru/shop/specii;15;14;15;18;6;18
приправы и специи оптом низкие цены;http://frutoss.ru/shop/specii;21;16;14;18;21;20
приправы купить;http://frutoss.ru/shop/specii;23;21;23;21;15;8
продажа орехов;http://frutoss.ru/shop/orehi;11;13;15;15;16;15
продажа орехов и сухофруктов;http://frutoss.ru/;1;1;1;1;1;1
продажа приправ и специй;http://frutoss.ru/shop/specii;15;15;15;8;16;6
продажа семечек подсолнуха оптом;http://frutoss.ru/shop/semena-bobovye?product_id=145;78;76;101;78;76;81
продажа семян подсолнуха;http://frutoss.ru/shop/semena-bobovye?product_id=145;101;96;96;101;98;100
продажа специй;http://frutoss.ru/shop/specii;10;9;10;9;11;11
продажа сухофруктов и орехов;http://frutoss.ru/;1;1;2;1;1;1
продажа сухофруктов и орехов оптом;http://frutoss.ru/;1;2;2;1;2;2
пшеница для проращивания;-;101;101;101;101;101;101
рис басмати;-;101;101;101;101;101;101
рис басмати купить;http://frutoss.ru/shop/semena-bobovye/ris/basmati;44;41;43;44;44;44
рис басмати купить в спб;http://frutoss.ru/shop/semena-bobovye/ris/basmati;39;30;38;37;37;40
рис басмати оптом купить;http://frutoss.ru/shop/semena-bobovye/ris-basmati;36;37;36;37;34;35
рис басмати цена;http://frutoss.ru/shop/semena-bobovye/ris/basmati;43;41;42;43;41;41
рис девзира;http://frutoss.ru/shop/semena-bobovye/ris/devzira;37;44;34;23;34;35
рис девзира купить;http://frutoss.ru/shop/semena-bobovye/ris/;13;13;12;11;10;14
рис девзира купить в санкт петербурге;http://frutoss.ru/shop/semena-bobovye/ris/;10;10;10;10;10;10
рис девзира купить в спб;http://frutoss.ru/shop/semena-bobovye/ris/devzira;7;12;11;12;10;9
рис девзира купить спб;http://frutoss.ru/shop/semena-bobovye/ris/;12;7;7;11;11;11
рис девзира цена;http://frutoss.ru/shop/semena-bobovye/ris/devzira;16;13;14;16;14;14
рис для плова купить в спб;http://frutoss.ru/shop/semena-bobovye/ris/;8;8;9;9;8;7
рис для плова спб;http://frutoss.ru/shop/semena-bobovye/ris/;11;11;10;10;12;12
рис лазер;http://frutoss.ru/shop/semena-bobovye/ris/ris-lazer;15;14;16;16;18;19
рис лазер для плова купить;http://frutoss.ru/shop/semena-bobovye/ris/ris-lazer;12;12;12;12;12;12
рис лазер цена;http://frutoss.ru/shop/semena-bobovye/ris/lazer;10;10;10;9;8;10
рис тамаша;http://frutoss.ru/shop/semena-bobovye/ris/tamasha/;14;14;15;15;16;16
рис тамаша купить в спб;http://frutoss.ru/shop/semena-bobovye/ris/tamasha/;6;7;7;6;5;7
рисовое масло купить в спб;http://frutoss.ru/shop/masla/maslo-risovoe;6;5;5;5;5;5
розовый перец горошком купить;http://frutoss.ru/shop/specii/perec-rozovyy-goroshek;24;25;26;26;23;24
рыжиковое масло купить;http://frutoss.ru/shop/masla/maslo-ryzhikovoe;26;28;25;32;25;26
рыжиковое масло купить спб;http://frutoss.ru/shop/masla/maslo-ryzhikovoe;24;20;20;19;19;23
рыжиковое масло цена;http://frutoss.ru/shop/masla/maslo-ryzhikovoe;34;35;33;33;33;35
семена аниса купить;http://frutoss.ru/shop/semena-bobovye/anis/;8;11;9;10;10;8
семена аниса купить в спб;http://frutoss.ru/shop/semena-bobovye/anis/;6;6;6;6;6;6
семена горчицы цена;http://frutoss.ru/shop/specii/gorchica-semena;96;96;96;96;96;98
семена льна купить;-;101;101;101;101;101;101
семена льна купить спб;http://frutoss.ru/shop/semena-bobovye/semechki/len;38;36;37;38;30;30
семена льна цена;-;101;101;101;101;101;101
семена мака купить;-;101;101;101;101;101;101
семена подсолнечника купить в спб;http://frutoss.ru/shop/semena-bobovye/semechki/;36;31;30;35;36;81
семена подсолнечника купить оптом;http://frutoss.ru/shop/semena-bobovye?product_id=145;67;67;72;67;71;71
семена тыквы купить;http://frutoss.ru/shop/semena-bobovye/semechki/semena-tykvy;43;43;45;50;53;27
семена тыквы оптом;http://frutoss.ru/shop/semena-bobovye/semechki/semena-tykvy;55;55;54;53;22;35
семена укропа купить;http://frutoss.ru/shop/specii/ukrop-semena;25;26;26;27;24;24
семена укропа купить спб;http://frutoss.ru/shop/specii/ukrop-semena;16;12;17;16;17;17
семена черного кунжута купить спб;http://frutoss.ru/shop/specii/kunzhut-chernyy;2;2;4;1;2;3
семена черного тмина купить;http://frutoss.ru/shop/specii/tmin-chernyy-sidona;52;48;49;46;50;51
семена черного тмина цена;http://frutoss.ru/shop/specii/tmin-chernyy-sidona;53;52;49;51;61;60
семена черной горчицы купить;http://frutoss.ru/shop/specii/gorchica-semena;41;47;66;45;49;46
семечки купить;http://frutoss.ru/shop/semena-bobovye/semechki/;35;36;15;32;81;81
семечки оптом;http://frutoss.ru/shop/semena-bobovye/semechki/;87;87;87;85;41;89
семечки оптом купить;http://frutoss.ru/shop/semena-bobovye/semechki/;88;87;87;90;93;93
семечки очищенные цена;-;101;101;101;101;101;101
семечки подсолнечника очищенные купить;-;101;101;101;101;101;101
семечки подсолнечника сырые купить в спб;http://frutoss.ru/shop/semena-bobovye/semechki/;19;12;19;18;14;18
семечки подсолнуха купить в спб;http://frutoss.ru/shop/semena-bobovye/semechki/;17;15;17;18;16;17
семечки подсолнуха купить мешок;-;101;101;101;101;101;101
семечки подсолнуха купить мешок в санкт петербурге;http://frutoss.ru/shop/semena-bobovye/semechki/;26;28;28;26;24;22
семечки подсолнуха купить оптом;http://frutoss.ru/shop/semena-bobovye/semechki/syrye-semechki;42;41;60;60;41;60
семечки подсолнуха купить оптом цена;http://frutoss.ru/shop/semena-bobovye?product_id=145;75;75;76;76;75;76
семечки подсолнуха не жареные купить в спб;http://frutoss.ru/shop/semena-bobovye/semechki/;28;29;28;30;28;28
семечки подсолнуха очищенные купить;-;101;101;101;101;101;101
семечки тыквы купить;http://frutoss.ru/shop/semena-bobovye/semechki/semena-tykvy;43;44;43;45;44;45
семечки тыквы купить в спб;http://frutoss.ru/shop/semena-bobovye/semechki/semena-tykvy;35;35;33;38;34;35
семечки цена;http://frutoss.ru/shop/semena-bobovye/semechki/;84;83;84;55;89;88
семя кунжута купить;http://frutoss.ru/shop/semena-bobovye/kunzhut/;4;4;3;3;3;3
семя укропа купить;http://frutoss.ru/shop/specii/ukrop-semena;18;17;18;18;21;19
сколько стоит желатин;http://frutoss.ru/shop/specii/zhelatin;25;27;28;23;23;25
сколько стоит изюм;http://frutoss.ru/shop/suhofrukty/izjum/;6;6;5;6;6;6
сколько стоит облепиховое масло;-;101;101;101;101;101;101
сколько стоит тыквенное масло;-;101;101;101;101;101;101
сколько стоят финики;-;101;101;101;101;101;101
сладости купить;http://frutoss.ru/shop/sladosti;78;78;78;78;87;87
сладости по низким ценам спб;http://novgorod.frutoss.ru/shop/sladosti/;40;40;40;42;31;30
смесь перцев горошком купить;http://frutoss.ru/shop/specii/perec/perets-goroshek/;13;12;11;11;9;9
смесь чайная;http://frutoss.ru/shop/cukaty/smes-chaynaya-no1;9;9;10;11;12;9
соя бобы для проращивания купить в спб;http://frutoss.ru/shop/semena-bobovye/soy/;22;25;24;27;25;25
соя купить;http://frutoss.ru/shop/semena-bobovye/soy/;18;20;26;20;19;21
соя купить в спб;http://frutoss.ru/shop/semena-bobovye/soy/;30;29;31;29;25;26
соя купить цена;-;101;101;101;101;101;101
соя цена;-;101;35;101;101;101;101
спб кедровый орех;http://frutoss.ru/shop/orehi/kedrovyj-oreh/;16;16;17;17;15;16
спб орехи;http://frutoss.ru/shop/orehi;10;10;5;10;10;10
спб сухофрукты оптом;http://frutoss.ru/;5;5;5;3;6;8
спб фисташки оптом;http://frutoss.ru/shop/orehi/fistashka/;13;9;9;9;13;8
специи в спб;http://frutoss.ru/shop/specii;6;6;6;6;6;6
специи заказать;http://frutoss.ru/shop/specii;16;5;13;18;18;17
специи и приправы оптом;http://frutoss.ru/shop/specii;8;8;8;8;9;9
специи и приправы от производителя;http://frutoss.ru/shop/specii;12;14;16;13;16;15
специи и пряности купить в спб;http://frutoss.ru/shop/specii;11;10;10;9;11;11
специи и пряности купить в спб дешево;http://frutoss.ru/shop/specii;9;9;9;9;10;9
специи и пряности купить в спб оптом;http://frutoss.ru/shop/specii;3;2;2;2;2;3
специи и пряности купить оптом;http://frutoss.ru/shop/specii;7;7;8;2;9;13
специи и пряности спб;http://frutoss.ru/shop/specii;5;5;5;6;5;5
специи купить;http://frutoss.ru/shop/specii;2;8;9;9;7;8
специи купить в спб;http://frutoss.ru/shop/specii;5;6;6;7;8;7
специи купить интернет магазин спб;http://frutoss.ru/shop/specii;5;5;5;7;5;5
специи купить оптом;http://frutoss.ru/shop/specii;10;3;7;7;8;9
специи купить спб;http://frutoss.ru/shop/specii;6;6;6;7;6;5
специи опт;http://frutoss.ru/shop/specii;7;3;7;6;7;4
специи оптом;http://frutoss.ru/shop/specii;4;4;4;4;4;4
специи оптом купить в спб;http://frutoss.ru/shop/specii;2;2;2;3;2;2
специи оптом спб;http://frutoss.ru/shop/specii;2;2;2;2;2;2
специи спб;http://frutoss.ru/shop/specii;6;6;6;6;6;6
специи спб оптом;http://frutoss.ru/shop/specii;2;2;2;2;2;2
сумах купить;http://frutoss.ru/shop/specii/sumah;4;4;4;4;4;4
сумах купить в спб;http://frutoss.ru/shop/specii/sumah;1;1;1;1;1;1
сухие овощи купить;http://frutoss.ru/shop/specii/sushenye-ovoshchi/;5;4;4;3;3;4
сухофрукты из узбекистана;-;101;101;101;101;101;101
сухофрукты интернет магазин;http://frutoss.ru/;6;6;5;4;7;7
сухофрукты компотная смесь;http://frutoss.ru/shop/suhofrukty/kompotnaya-smes-ekstra;7;6;6;5;6;4
сухофрукты купить;http://frutoss.ru/shop/suhofrukty/;1;4;2;2;2;2
сухофрукты купить в петербурге;http://frutoss.ru/shop/suhofrukty/;2;2;2;2;2;1
сухофрукты купить в санкт петербурге;http://frutoss.ru/shop/suhofrukty/;4;7;6;6;5;6
сухофрукты купить в спб;http://frutoss.ru/shop/suhofrukty/;2;2;1;1;1;2
сухофрукты купить в спб дешево;http://frutoss.ru/shop/suhofrukty/;2;1;2;2;2;2
сухофрукты купить в спб мелкий опт;http://frutoss.ru/shop/suhofrukty/;10;10;10;9;9;9
сухофрукты купить недорого;http://frutoss.ru/shop/suhofrukty/;3;2;3;2;2;2
сухофрукты купить оптом;http://frutoss.ru/shop/suhofrukty/;3;6;4;6;4;5
сухофрукты манго купить;http://frutoss.ru/shop/cukaty/mango/;17;17;21;19;22;21
сухофрукты наборы спб;http://frutoss.ru/shop/suhofrukty/;54;54;53;51;51;51
сухофрукты опт;http://frutoss.ru/shop/suhofrukty/;5;8;7;8;7;8
сухофрукты оптом;http://frutoss.ru/shop/suhofrukty/;7;7;7;7;5;7
сухофрукты оптом от производителя цены;http://frutoss.ru/shop/suhofrukty/;12;12;12;11;11;14
сухофрукты оптом спб;http://frutoss.ru/shop/suhofrukty/;3;2;3;2;5;6
сухофрукты орехи;http://frutoss.ru/;4;4;3;3;1;1
сухофрукты орехи оптом;http://frutoss.ru/;1;2;2;1;2;1
сухофрукты орехи спб;http://frutoss.ru/;1;1;1;1;2;3
сухофрукты от производителя;http://frutoss.ru/;4;3;3;2;3;3
сухофрукты с доставкой;http://frutoss.ru/shop/suhofrukty/;4;4;4;4;4;3
сухофрукты спб;http://frutoss.ru/shop/suhofrukty/;1;1;1;1;1;1
сухофрукты узбекистан оптом от производителя;http://frutoss.ru/shop/suhofrukty/;76;58;76;69;73;74
сухофрукты цена за 1 кг;http://frutoss.ru/shop/suhofrukty/;10;12;12;10;11;10
сушеная вишня купить;http://frutoss.ru/shop/cukaty/vishnja-vjalenaja/;24;22;21;22;25;24
сушеная груша купить;http://frutoss.ru/shop/suhofrukty/grusha-sushenaya;35;43;36;36;33;34
сушеная клубника купить;http://frutoss.ru/shop/cukaty/klubnika-vjalenaja/;17;18;18;25;19;19
сушеная клюква оптом;http://frutoss.ru/shop/cukaty/kljukva-vjalenaja/;19;21;20;21;23;21
сушеная хурма купить в спб;http://frutoss.ru/shop/suhofrukty/hurma/;5;3;6;6;3;6
сушеная хурма купить спб;http://frutoss.ru/shop/suhofrukty/hurma/;5;3;4;4;4;4
сушеные помидоры черри кизил;http://frutoss.ru/shop/cukaty?product_id=258;7;11;7;7;9;9
сушеные фрукты купить;http://frutoss.ru/shop/suhofrukty/sushenye-plody-fruktov/;4;4;4;4;5;6
сушеные фрукты купить оптом;http://frutoss.ru/shop/suhofrukty/sushenye-plody-fruktov/;17;12;19;20;17;21
сушеные яблоки кольцами оптом;-;101;101;101;101;101;101
сушеные яблоки купить;http://frutoss.ru/shop/cukaty/jabloko/;60;60;58;56;59;59
сушеные яблоки купить в спб;http://novgorod.frutoss.ru/shop/cukaty/jabloko/;49;49;38;36;37;36
сушеные ягоды и фрукты купить;http://frutoss.ru/shop/suhofrukty/sushenye-plody-fruktov/;6;18;20;21;22;21
сушеные ягоды купить оптом спб;http://frutoss.ru/shop/suhofrukty/sushenye-plody-fruktov/;10;11;10;10;10;11
сушеный имбирь в сахаре купить;http://frutoss.ru/shop/cukaty/imbir-v-saxare/;2;2;2;2;2;2
сушеный кизил купить в спб;http://frutoss.ru/shop/cukaty/kizil/;3;3;3;3;3;3
сушеный розмарин цена;http://frutoss.ru/shop/specii/rozmarin-sushenyy;3;3;3;4;5;4
тамаша рис купить в розницу;http://frutoss.ru/shop/semena-bobovye/ris/tamasha/;7;4;8;7;6;8
тамаша рис купить оптом;http://frutoss.ru/katalogs/katalog/ris-tamasha;4;4;5;11;4;4
тимьян купить;http://frutoss.ru/shop/specii/timyan;27;31;30;33;30;32
тмин где купить;http://frutoss.ru/shop/specii/tmin-chernyy-sidona;30;45;29;28;26;26
тмин купить;http://frutoss.ru/shop/specii/tmin;40;39;44;39;39;39
томатное масло купить;-;101;101;101;101;101;101
тыквенное масло где купить;-;101;101;101;101;101;101
тыквенное масло купить;-;93;101;101;101;101;101
тыквенное масло купить в спб;http://frutoss.ru/shop/masla/maslo-tykvennoe;90;101;92;90;82;82
тыквенное масло цена;-;101;101;101;101;101;101
тыквенные семечки купить в спб;http://frutoss.ru/shop/semena-bobovye/semechki/semena-tykvy;98;98;98;95;96;97
узбекистан сухофрукты;-;101;101;101;101;101;101
узбекский рис девзира купить;http://frutoss.ru/shop/semena-bobovye/ris/;23;23;22;22;21;22
узбекский рис купить;http://frutoss.ru/shop/semena-bobovye/ris/;19;17;18;19;13;14
укроп сушеный купить;http://frutoss.ru/katalog?product_id=227;19;18;19;19;41;49
урюк заказать доставку;http://frutoss.ru/shop/suhofrukty/urjuk/;16;16;13;12;12;12
урюк купить;http://frutoss.ru/shop/suhofrukty/urjuk/;1;1;1;1;1;1
урюк купить в спб;http://frutoss.ru/shop/suhofrukty/urjuk/;2;2;2;2;2;2
урюк оптом;http://frutoss.ru/shop/suhofrukty/urjuk/;3;7;7;7;6;7
усилитель вкуса купить в спб;http://frutoss.ru/shop/specii/glutamat-natriya;17;13;18;13;9;12
уцхо сунели купить;http://frutoss.ru/shop/specii/ucho-suneli;10;7;9;9;8;8
уцхо сунели купить в спб;http://frutoss.ru/shop/specii/ucho-suneli;8;8;8;8;7;7
уцхо сунели купить спб;http://frutoss.ru/shop/specii/ucho-suneli;8;8;8;8;7;7
фасоль красная купить оптом;http://frutoss.ru/shop/semena-bobovye/fasol-krasnaya;33;34;35;34;33;38
фасоль купить в спб;http://frutoss.ru/shop/semena-bobovye/fasol/;8;8;7;7;7;7
фасоль купить спб;http://frutoss.ru/shop/semena-bobovye/fasol/;9;8;10;7;8;7
фасоль оптом;-;86;101;101;101;101;101
финики джуба без косточки;http://frutoss.ru/shop/suhofrukty/finiki-dzhuba-bez-kostochki;1;1;1;1;1;2
финики купить;http://frutoss.ru/shop/suhofrukty/finiki/;79;79;79;79;17;77
финики купить в спб;http://frutoss.ru/shop/suhofrukty/finiki/;14;15;14;14;13;15
финики спб;http://frutoss.ru/shop/suhofrukty/finiki/;9;10;10;9;10;12
фисташка очищенная купить;http://frutoss.ru/shop/orehi/fistashka/;30;29;41;46;25;27
фисташки купить;http://frutoss.ru/shop/orehi/fistashka/;15;17;13;16;13;11
фисташки купить дешево спб;http://frutoss.ru/shop/orehi/fistashka/;10;10;10;10;9;9
фисташки купить оптом;http://frutoss.ru/shop/orehi/fistashka/;30;24;24;25;24;18
фисташки купить спб;http://frutoss.ru/shop/orehi/fistashka/;7;9;7;7;7;8
фисташки оптом;http://frutoss.ru/shop/orehi/fistashka/;27;25;27;23;24;22
фисташки соленые купить;-;101;101;101;101;101;101
фисташки соленые купить в спб;http://frutoss.ru/shop/orehi/fistashka/;14;12;12;22;21;11
фисташки цена;http://frutoss.ru/shop/orehi/fistashka/;18;18;18;17;17;14
фисташки цена за 1 кг;http://frutoss.ru/shop/orehi/fistashka/;8;8;6;6;6;5
фисташки цена за 1 кг санкт петербург;http://frutoss.ru/shop/orehi/fistashka/;5;5;5;5;5;5
фундук в скорлупе купить;http://frutoss.ru/shop/orehi/funduk-v-skorlupe;44;39;38;39;31;33
фундук интернет магазин;http://frutoss.ru/shop/orehi/funduk/;56;56;55;55;51;51
фундук купить;http://frutoss.ru/shop/orehi/funduk/;17;18;18;16;18;18
фундук купить в спб;http://frutoss.ru/shop/orehi/funduk/;15;11;10;10;6;7
фундук купить оптом;http://frutoss.ru/shop/orehi/funduk/;17;16;17;18;14;15
фундук купить спб;http://frutoss.ru/shop/orehi/funduk/;11;11;11;10;9;9
фундук неочищенный купить в спб;http://frutoss.ru/shop/orehi/funduk/;14;14;20;14;13;13
фундук оптом;http://frutoss.ru/shop/orehi/funduk/;12;12;27;13;15;10
фундук оптом купить;http://frutoss.ru/shop/orehi/funduk/;13;14;14;14;14;14
фундук орехи цена;http://frutoss.ru/shop/orehi/funduk/;6;7;8;8;8;8
фундук цена за 1 кг;http://frutoss.ru/shop/orehi/funduk/;13;14;13;27;15;15
фундук цена за 1 кг очищенный;http://frutoss.ru/shop/orehi/funduk/;26;45;26;26;32;31
хмели сунели купить;http://frutoss.ru/shop/specii/hmeli-suneli;16;15;15;14;15;17
хурма вяленая купить оптом;http://frutoss.ru/shop/suhofrukty/hurma-naturalnaya;3;3;3;4;3;7
хурма сухофрукты купить;http://frutoss.ru/shop/suhofrukty/hurma/;3;3;3;1;2;3
хурма сушеная купить;http://frutoss.ru/shop/suhofrukty/hurma/;5;5;5;6;6;5
хурма сушеная оптом;http://frutoss.ru/shop/suhofrukty/hurma-naturalnaya;5;5;5;5;5;6
цедра помело купить;http://frutoss.ru/shop/cukaty/pomelo-cedra;1;1;1;1;2;2
цена бразильский орех;http://frutoss.ru/shop/orehi/brazilskij-oreh/;20;92;20;20;20;20
цена грецкий орех;http://frutoss.ru/shop/orehi/greckij-oreh/;13;15;13;13;17;14
цена кедровый орех;http://frutoss.ru/shop/orehi/kedrovyj-oreh/;37;37;21;35;34;34
цена миндаль;http://frutoss.ru/shop/orehi/mindal/;5;5;5;5;6;6
цена на арахис;http://frutoss.ru/shop/orehi/arahis/;9;10;7;7;7;6
цена фисташки;http://frutoss.ru/shop/orehi/fistashka/;17;18;17;21;17;17
цукаты из ананаса купить;http://frutoss.ru/shop/cukaty;8;7;6;8;7;8
цукаты оптом;http://frutoss.ru/shop/cukaty;4;4;4;3;2;3
цукаты оптом от производителя;http://frutoss.ru/shop/cukaty;9;9;9;8;9;9
цукаты цена;http://frutoss.ru/shop/cukaty;4;4;4;4;4;5
чабер купить в спб;http://frutoss.ru/shop/tea/;79;79;79;79;91;92
чай азербайджанский купить в спб;http://frutoss.ru/shop/tea/;2;2;2;3;1;2
чай азерчай;http://frutoss.ru/shop/tea/;3;3;5;5;5;5
чаман где купить в спб;http://frutoss.ru/shop/specii/?page=3;20;19;20;19;18;19
чаман купить в спб;http://frutoss.ru/shop/specii/chaman;11;10;10;9;10;10
чаман купить спб;http://frutoss.ru/shop/specii/chaman;14;15;14;12;11;13
чаман специя купить;http://frutoss.ru/shop/specii/chaman;9;11;12;11;14;10
чаман специя купить в спб;http://frutoss.ru/shop/specii/chaman;8;7;7;7;7;7
черная чечевица купить;http://frutoss.ru/shop/semena-bobovye/chechevica/;27;26;26;26;23;24
чернослив 70 80 чили;http://frutoss.ru/shop/suhofrukty/chernosliv-bez-kostochki-7080-chili;1;2;1;1;1;1
чернослив prunella купить;http://frutoss.ru/shop/suhofrukty/chernosliv/;24;18;19;17;18;24
чернослив купить в спб;http://frutoss.ru/shop/suhofrukty/chernosliv/;3;2;3;3;3;3
чернослив оптом купить;http://frutoss.ru/shop/suhofrukty/chernosliv/;9;9;9;8;11;9
чернослив с косточкой купить;http://frutoss.ru/shop/suhofrukty/chernosliv-s-kostochkoy-tadzhikistan;36;36;35;7;35;36
чернослив с косточкой цена;http://frutoss.ru/shop/suhofrukty/chernosliv-s-kostochkoy-tadzhikistan;44;38;44;44;45;41
чернослив цена;http://frutoss.ru/shop/suhofrukty/chernosliv/;8;8;9;8;8;8
чернослив цена за 1 кг в спб;http://frutoss.ru/shop/suhofrukty/chernosliv/;4;4;4;4;4;4
чернослив чили купить оптом в спб;http://frutoss.ru/shop/suhofrukty/chernosliv/;5;5;4;5;4;5
черный кунжут где купить;http://frutoss.ru/shop/specii/kunzhut-chernyy;3;3;3;2;2;2
черный кунжут купить;http://frutoss.ru/shop/specii/kunzhut-chernyy;2;2;2;2;2;2
черный кунжут купить в спб;http://frutoss.ru/shop/specii/kunzhut-chernyy;4;4;4;4;4;4
черный тмин где купить;http://frutoss.ru/shop/specii/tmin-chernyy-sidona;35;38;36;31;30;32
черный тмин купить;http://frutoss.ru/shop/specii/tmin-chernyy-sidona;51;48;46;42;40;42
черный тмин купить в спб;http://frutoss.ru/shop/specii/tmin-chernyy-sidona;50;58;44;43;35;59
черный тмин купить оптом;http://frutoss.ru/shop/specii/tmin-chernyy-sidona;29;15;32;30;13;26
чеснок сушеный купить;http://frutoss.ru/shop/specii/chesnok-granulirovannyy;20;21;21;20;16;18
чесночное масло купить;http://frutoss.ru/shop/masla/maslo-chesnochnoe;8;8;10;9;10;9
чечевица купить в спб;http://frutoss.ru/shop/semena-bobovye/chechevica/krasnaya/;15;13;13;13;13;14
чечевица купить спб;http://frutoss.ru/shop/semena-bobovye/chechevica/krasnaya/;12;12;12;14;10;10
чили грецкий орех в скорлупе;-;12;12;11;11;101;101
чурчхела купить спб;http://frutoss.ru/shop/sladosti/churchhela/;4;5;4;4;4;3
чурчхела оптом;http://frutoss.ru/shop/sladosti/churchhela/;8;8;8;9;7;9
чурчхела оптом от производителя;http://frutoss.ru/shop/sladosti/churchhela/;7;7;7;8;7;8
чурчхела спб;http://frutoss.ru/shop/sladosti/churchhela/;4;4;4;5;4;6
шафран где купить;http://frutoss.ru/shop/specii/smesi-pryanostey/shafran/;10;11;11;13;12;12
шафран купить;http://frutoss.ru/shop/specii/smesi-pryanostey/shafran/;13;11;14;13;14;14
шафран купить в спб;http://frutoss.ru/shop/specii/smesi-pryanostey/shafran/;8;8;9;7;9;8
шафран купить спб;http://frutoss.ru/shop/specii/smesi-pryanostey/shafran/;7;7;8;9;8;8
шафран стоимость;http://frutoss.ru/shop/specii/smesi-pryanostey/shafran/;19;18;18;18;18;18
шафран цена;http://frutoss.ru/shop/specii/smesi-pryanostey/shafran/;13;13;15;14;13;13
шиповник где купить в спб;http://frutoss.ru/shop/suhofrukty/shipovnik;17;17;17;14;17;20
шиповник купить;http://frutoss.ru/shop/suhofrukty/shipovnik;5;5;7;5;5;10
шиповник купить спб сухой;http://frutoss.ru/shop/suhofrukty/shipovnik;7;7;7;7;7;7
шиповник сушеный купить;http://frutoss.ru/shop/suhofrukty/shipovnik;6;6;5;5;7;7
шиповник сушеный купить спб;http://frutoss.ru/shop/suhofrukty/shipovnik;6;6;6;5;6;7
ягода можжевеловая купить;http://frutoss.ru/shop/specii/mozhzhevelovaya-yagoda;10;11;9;10;10;10
ягоды годжи купить;http://frutoss.ru/shop/suhofrukty/jagody-godzhi/;14;14;14;14;14;14
ягоды годжи купить в спб;http://frutoss.ru/shop/suhofrukty/jagody-godzhi/;17;18;19;14;13;19
ягоды годжи купить оптом;http://frutoss.ru/shop/suhofrukty/jagody-godzhi/;3;4;4;4;4;4
ягоды можжевельника купить в спб;http://frutoss.ru/shop/specii/mozhzhevelovaya-yagoda;11;10;10;12;9;10
